USE `tanah_test`;

-- Data for tanah_sefer (exported from legacy database)
INSERT INTO `tanah_sefer` (`sefer_id`, `name`, `tanach_us_name`) VALUES (1,'בראשית','Gen'),(2,'שמות','Ex'),(3,'ויקרא','Lev'),(4,'במדבר','Num'),(5,'דברים','Deut'),(6,'יהושע','Josh'),(7,'שופטים','Judg'),(8,'שמואל','{\"1\":\"1 Sam\",\"2\":\"2 Sam\"}'),(9,'מלכים','{\"1\":\"1 Kings\",\"2\":\"2 Kings\"}'),(10,'ישעיה','Isa'),(11,'ירמיה','Jer'),(12,'יחזקאל','Ezek'),(13,'הושע','Hos'),(14,'יואל','Joel'),(15,'עמוס','Am'),(16,'עובדיה','Ob'),(17,'יונה','Jon'),(18,'מיכה','Mic'),(19,'נחום','Nah'),(20,'חבקוק','Hab'),(21,'צפניה','Zeph'),(22,'חגי','Hag'),(23,'זכריה','Zech'),(24,'מלאכי','Mal'),(25,'תהילים','Ps'),(26,'משלי','Prov'),(27,'איוב','Job'),(28,'שיר השירים','Song'),(29,'רות','Ruth'),(30,'איכה','Lam'),(31,'קהלת','Eccl'),(32,'אסתר','Esth'),(33,'דניאל','Dan'),(34,'עזרא','{\"70\":\"Ezra\",\"50\":\"Neh\"}'),(35,'דברי הימים','{\"1\":\"1 Chr\",\"2\":\"2 Chr\"}');

-- Data for tanah_perek (exported from legacy database)
INSERT INTO `tanah_perek` (`id`, `perek_id`, `sefer_id`, `additional`, `perek`, `date`, `hebdate`, `tseit`, `header`, `source`) VALUES (1,1,1,NULL,1,'2022-02-06','ה׳ אַדָר א׳ תשפ״ב','17:41:00','בריאת העולם','בראשית א'),(2,2,1,NULL,2,'2022-02-07','ו׳ אַדָר א׳ תשפ״ב','17:42:00','גן בעדן, אדם ואשתו','בראשית ב'),(3,3,1,NULL,3,'2022-02-08','ז׳ אַדָר א׳ תשפ״ב','17:42:00','חטא עץ הדעת','בראשית ג'),(4,4,1,NULL,4,'2022-02-09','ח׳ אַדָר א׳ תשפ״ב','17:43:00','קין והבל','בראשית ד'),(5,5,1,NULL,5,'2022-02-10','ט׳ אַדָר א׳ תשפ״ב','17:44:00','ספר תולדות אדם','בראשית ה'),(6,NULL,NULL,NULL,NULL,'2022-02-11',NULL,NULL,NULL,NULL),(7,NULL,NULL,NULL,NULL,'2022-02-12',NULL,NULL,NULL,NULL),(8,6,1,NULL,6,'2022-02-13','י״ב אַדָר א׳ תשפ״ב','17:47:00','הדרדרות הבריאה, נח והציווי על התיבה','בראשית ו'),(9,7,1,NULL,7,'2022-02-14','י״ג אַדָר א׳ תשפ״ב','17:47:00','תיבת נח והמבול','בראשית ז'),(10,8,1,NULL,8,'2022-02-15','י״ד אַדָר א׳ תשפ״ב','17:48:00','יְבֹשֶׁת המים','בראשית ח'),(11,9,1,NULL,9,'2022-02-16','ט״ו אַדָר א׳ תשפ״ב','17:49:00','אִסּוּר רצח, ברית שלא יהיה עוד מבול, ברכה לשם ויפת וקללת כנען','בראשית ט'),(12,10,1,NULL,10,'2022-02-17','ט״ז אַדָר א׳ תשפ״ב','17:50:00','תולדות בני נח','בראשית י'),(13,NULL,NULL,NULL,NULL,'2022-02-18',NULL,NULL,NULL,NULL),(14,NULL,NULL,NULL,NULL,'2022-02-19',NULL,NULL,NULL,NULL),(15,11,1,NULL,11,'2022-02-20','י״ט אַדָר א׳ תשפ״ב','17:52:00','מגדל בבל, מנח עד אברהם','בראשית יא'),(16,12,1,NULL,12,'2022-02-21','כ׳ אַדָר א׳ תשפ״ב','17:53:00','יציאת אברם מחרן לארץ כנען, ירידת אברם מצרימה','בראשית יב'),(17,13,1,NULL,13,'2022-02-22','כ״א אַדָר א׳ תשפ״ב','17:54:00','הפרדות אברם מלוט, הבטחת ה\' לאברם לתת לו את ארץ כנען','בראשית יג'),(18,14,1,NULL,14,'2022-02-23','כ״ב אַדָר א׳ תשפ״ב','17:54:00','מלחמת המלכים','בראשית יד'),(19,15,1,NULL,15,'2022-02-24','כ״ג אַדָר א׳ תשפ״ב','17:55:00','ברית בין הבתרים','בראשית טו'),(20,NULL,NULL,NULL,NULL,'2022-02-25',NULL,NULL,NULL,NULL),(21,NULL,NULL,NULL,NULL,'2022-02-26',NULL,NULL,NULL,NULL),(22,16,1,NULL,16,'2022-02-27','כ״ו אַדָר א׳ תשפ״ב','17:58:00','עקרות שרה ולידת ישמעאל','בראשית טז'),(23,17,1,NULL,17,'2022-02-28','כ״ז אַדָר א׳ תשפ״ב','17:58:00','ברית המילה, מאברם לאברהם ומשרי לשרה','בראשית יז'),(24,18,1,NULL,18,'2022-03-01','כ״ח אַדָר א׳ תשפ״ב','17:59:00','ביקור המלאכים אצל אברהם, תפילת אברהם על סדום','בראשית יח'),(25,19,1,NULL,19,'2022-03-02','כ״ט אַדָר א׳ תשפ״ב','18:00:00','הפיכת סדום, מעשה לוט ובנותיו','בראשית יט'),(26,20,1,NULL,20,'2022-03-03','ל׳ אַדָר א׳ תשפ״ב','18:00:00','אברהם ושרה בגרר','בראשית כ'),(27,NULL,NULL,NULL,NULL,'2022-03-04',NULL,NULL,NULL,NULL),(28,NULL,NULL,NULL,NULL,'2022-03-05',NULL,NULL,NULL,NULL),(29,21,1,NULL,21,'2022-03-06','ג׳ אַדָר ב׳ תשפ״ב','18:03:00','לידת יצחק, גירוש ישמעאל, הברית בין אברהם לאבימלך','בראשית כא'),(30,22,1,NULL,22,'2022-03-07','ד׳ אַדָר ב׳ תשפ״ב','18:03:00','העקידה','בראשית כב'),(31,23,1,NULL,23,'2022-03-08','ה׳ אַדָר ב׳ תשפ״ב','18:04:00','פטירת שרה, אברהם קונה את מערת המכפלה','בראשית כג'),(32,24,1,NULL,24,'2022-03-09','ו׳ אַדָר ב׳ תשפ״ב','18:05:00','מציאת שידוך ליצחק ונישואיו עם רבקה','בראשית כד'),(33,25,1,NULL,25,'2022-03-10','ז׳ אַדָר ב׳ תשפ״ב','18:05:00','פטירת אברהם, תולדותיו, לידת יעקב ועשו, מכירת הבכורה','בראשית כה'),(34,NULL,NULL,NULL,NULL,'2022-03-11',NULL,NULL,NULL,NULL),(35,NULL,NULL,NULL,NULL,'2022-03-12',NULL,NULL,NULL,NULL),(36,26,1,NULL,26,'2022-03-13','י׳ אַדָר ב׳ תשפ״ב','18:08:00','יצחק ורבקה בגרר','בראשית כו'),(37,27,1,NULL,27,'2022-03-14','י״א אַדָר ב׳ תשפ״ב','18:08:00','ברכת יצחק לבניו, ציווי רבקה ליעקב לברוח ללבן','בראשית כז'),(38,28,1,NULL,28,'2022-03-15','י״ב אַדָר ב׳ תשפ״ב','18:09:00','ציווי יצחק ליעקב ללכת ללבן ולָשֵׂאת אשה, ברכתו, חלום יעקב','בראשית כח'),(39,29,1,NULL,29,'2022-03-16','י״ג אַדָר ב׳ תשפ״ב','18:10:00','יעקב אצל לבן, נישואיו ללאה ורחל, לידת ארבעה מבניו','בראשית כט'),(40,30,1,NULL,30,'2022-03-17','י״ד אַדָר ב׳ תשפ״ב','18:10:00','לידת שבעה בנים נוספים ודינה, יעקב מתעשר','בראשית ל'),(41,NULL,NULL,NULL,NULL,'2022-03-18',NULL,NULL,NULL,NULL),(42,NULL,NULL,NULL,NULL,'2022-03-19',NULL,NULL,NULL,NULL),(43,31,1,NULL,31,'2022-03-20','י״ז אַדָר ב׳ תשפ״ב','18:12:00','יעקב וביתו נפרדים מלבן','בראשית לא'),(44,32,1,NULL,32,'2022-03-21','י״ח אַדָר ב׳ תשפ״ב','18:13:00','יעקב מתכונן למפגש עם עשו, יעקב והמלאך','בראשית לב'),(45,33,1,NULL,33,'2022-03-22','י״ט אַדָר ב׳ תשפ״ב','18:14:00','יעקב ועשו נפגשים, יעקב מתיישב בשכם','בראשית לג'),(46,34,1,NULL,34,'2022-03-23','כ׳ אַדָר ב׳ תשפ״ב','18:15:00','מעשה דינה','בראשית לד'),(47,35,1,NULL,35,'2022-03-24','כ״א אַדָר ב׳ תשפ״ב','18:15:00','ההבטחה ליעקב בבית אל, פטירת רחל וְהֻלֶּדֶת בנימין, סִכּוּם השבטים, פטירת יצחק','בראשית לה'),(48,NULL,NULL,NULL,NULL,'2022-03-25',NULL,NULL,NULL,NULL),(49,NULL,NULL,NULL,NULL,'2022-03-26',NULL,NULL,NULL,NULL),(50,36,1,NULL,36,'2022-03-27','כ״ד אַדָר ב׳ תשפ״ב','19:17:00','תולדות עשו ומלכי אדום','בראשית לו'),(51,37,1,NULL,37,'2022-03-28','כ״ה אַדָר ב׳ תשפ״ב','19:18:00','חלומות יוסף ומכירתו','בראשית לז'),(52,38,1,NULL,38,'2022-03-29','כ״ו אַדָר ב׳ תשפ״ב','19:19:00','מעשה יהודה ותמר','בראשית לח'),(53,39,1,NULL,39,'2022-03-30','כ״ז אַדָר ב׳ תשפ״ב','19:19:00','יוסף בבית פוטיפר ובבית הסוהר','בראשית לט'),(54,40,1,NULL,40,'2022-03-31','כ״ח אַדָר ב׳ תשפ״ב','19:20:00','יוסף, שר האופים ושר הטבחים','בראשית מ'),(55,NULL,NULL,NULL,NULL,'2022-04-01',NULL,NULL,NULL,NULL),(56,NULL,NULL,NULL,NULL,'2022-04-02',NULL,NULL,NULL,NULL),(57,41,1,NULL,41,'2022-04-03','ב׳ נִיסָן תשפ״ב','19:22:00','חלום פרעה, יוסף מתמנה למשנה למלך ונושא אשה','בראשית מא'),(58,42,1,NULL,42,'2022-04-04','ג׳ נִיסָן תשפ״ב','19:23:00','אחי יוסף יורדים למצרים ובאים אליו','בראשית מב'),(59,43,1,NULL,43,'2022-04-05','ד׳ נִיסָן תשפ״ב','19:24:00','יעקב נאלץ להוריד את בנימין מצרימה למפגש עם יוסף','בראשית מג'),(60,44,1,NULL,44,'2022-04-06','ה׳ נִיסָן תשפ״ב','19:24:00','עלילת הגביע, דברי יהודה ליוסף','בראשית מד'),(61,45,1,NULL,45,'2022-04-07','ו׳ נִיסָן תשפ״ב','19:25:00','יוסף מתוודע אל האחים ומזמין את יעקב','בראשית מה'),(62,NULL,NULL,NULL,NULL,'2022-04-08',NULL,NULL,NULL,NULL),(63,NULL,NULL,NULL,NULL,'2022-04-09',NULL,NULL,NULL,NULL),(64,46,1,NULL,46,'2022-04-10','ט׳ נִיסָן תשפ״ב','19:27:00','יעקב וצאצאיו מתיישבים במצרים','בראשית מו'),(65,47,1,NULL,47,'2022-04-11','י׳ נִיסָן תשפ״ב','19:28:00','מפגש יעקב ופרעה, קניית יוסף את הארץ, שבועת יוסף ליעקב שלא יקברנו במצרים','בראשית מז'),(66,48,1,NULL,48,'2022-04-12','י״א נִיסָן תשפ״ב','19:28:00','ברכת יעקב ליוסף ובניו','בראשית מח'),(67,49,1,NULL,49,'2022-04-13','י״ב נִיסָן תשפ״ב','19:29:00','ברכת יעקב לשבטים ופטירתו','בראשית מט'),(68,50,1,NULL,50,'2022-04-14','י״ג נִיסָן תשפ״ב','19:30:00','חניטת יעקב במצרים וקבורתו במערת המכפלה, פטירת יוסף','בראשית נ'),(69,NULL,NULL,NULL,NULL,'2022-04-15',NULL,NULL,NULL,NULL),(70,NULL,NULL,NULL,NULL,'2022-04-16',NULL,NULL,NULL,NULL),(71,51,2,NULL,1,'2022-04-17','ט״ז נִיסָן תשפ״ב','19:32:00','בני ישראל מתרבים במצרים ופרעה משעבדם','שמות א'),(72,52,2,NULL,2,'2022-04-18','י״ז נִיסָן תשפ״ב','19:33:00','לידת משה, הריגתו את המצרי, בריחתו למדין, זעקת בני ישראל ושמיעת ה\' את זעקתם','שמות ב'),(73,53,2,NULL,3,'2022-04-19','י״ח נִיסָן תשפ״ב','19:34:00','התגלות ה\' למשה בסנה','שמות ג'),(74,54,2,NULL,4,'2022-04-20','י״ט נִיסָן תשפ״ב','19:34:00','המשך הדיון של משה עם ה\', חזרתו למצרים','שמות ד'),(75,55,2,NULL,5,'2022-04-21','כ׳ נִיסָן תשפ״ב','19:35:00','משה ואהרן אצל פרעה, הכבדת השעבוד','שמות ה'),(76,NULL,NULL,NULL,NULL,'2022-04-22',NULL,NULL,NULL,NULL),(77,NULL,NULL,NULL,NULL,'2022-04-23',NULL,NULL,NULL,NULL),(78,56,2,NULL,6,'2022-04-24','כ״ג נִיסָן תשפ״ב','19:37:00','דיבורי ה\' למשה, משפחות בני ישראל','שמות ו'),(79,57,2,NULL,7,'2022-04-25','כ״ד נִיסָן תשפ״ב','19:38:00','משה ואהרן (שוב) בבית פרעה, מכת דם','שמות ז'),(80,58,2,NULL,8,'2022-04-26','כ״ה נִיסָן תשפ״ב','19:39:00','מכות צפרדע כִּנִּים ועָרֹב','שמות ח'),(81,59,2,NULL,9,'2022-04-27','כ״ו נִיסָן תשפ״ב','19:39:00','מכות דבר שחין וברד','שמות ט'),(82,60,2,NULL,10,'2022-04-28','כ״ז נִיסָן תשפ״ב','19:40:00','מכות ארבה וחושך','שמות י'),(83,NULL,NULL,NULL,NULL,'2022-04-29',NULL,NULL,NULL,NULL),(84,NULL,NULL,NULL,NULL,'2022-04-30',NULL,NULL,NULL,NULL),(85,61,2,NULL,11,'2022-05-01','ל׳ נִיסָן תשפ״ב','19:43:00','ההתראה על מכת בכורות','שמות יא'),(86,62,2,NULL,12,'2022-05-02','א׳ אִיָיר תשפ״ב','19:43:00','קִדּוּשׁ הַחֹדֶשׁ, פֶּסַח מִצְרַיִם ופסח דורות, מכת בכרות ויציאת מִצְרַיִם','שמות יב'),(87,63,2,NULL,13,'2022-05-03','ב׳ אִיָיר תשפ״ב','19:44:00','פרשות \"קדש לי\" \"והיה כי יביאך\"','שמות יג'),(88,64,2,NULL,14,'2022-05-04','ג׳ אִיָיר תשפ״ב','19:45:00','קריעת ים סוף','שמות יד'),(89,65,2,NULL,15,'2022-05-05','ד׳ אִיָיר תשפ״ב','19:46:00','שירת הים','שמות טו'),(90,NULL,NULL,NULL,NULL,'2022-05-06',NULL,NULL,NULL,NULL),(91,NULL,NULL,NULL,NULL,'2022-05-07',NULL,NULL,NULL,NULL),(92,66,2,NULL,16,'2022-05-08','ז׳ אִיָיר תשפ״ב','19:48:00','פרשת המן','שמות טז'),(93,67,2,NULL,17,'2022-05-09','ח׳ אִיָיר תשפ״ב','19:49:00','מַסָּה וּמְרִיבָה, מלחמת עמלק','שמות יז'),(94,68,2,NULL,18,'2022-05-10','ט׳ אִיָיר תשפ״ב','19:49:00','יתרו בא ומייעץ','שמות יח'),(95,69,2,NULL,19,'2022-05-11','י׳ אִיָיר תשפ״ב','19:50:00','ההכנות למתן תורה','שמות יט'),(96,70,2,NULL,20,'2022-05-12','י״א אִיָיר תשפ״ב','19:51:00','מתן תורה ומצוות נוספות','שמות כ'),(97,NULL,NULL,NULL,NULL,'2022-05-13',NULL,NULL,NULL,NULL),(98,NULL,NULL,NULL,NULL,'2022-05-14',NULL,NULL,NULL,NULL),(99,71,2,NULL,21,'2022-05-15','י״ד אִיָיר תשפ״ב','19:53:00','פרשת עבד עברי, דיני נזיקין','שמות כא'),(100,72,2,NULL,22,'2022-05-16','ט״ו אִיָיר תשפ״ב','19:54:00','עוד דיני נזיקין ומצוות נוספות','שמות כב'),(101,73,2,NULL,23,'2022-05-17','ט״ז אִיָיר תשפ״ב','19:55:00','מצוות נוספות','שמות כג'),(102,74,2,NULL,24,'2022-05-18','י״ז אִיָיר תשפ״ב','19:55:00','בניית המזבח, הקרבת הקרבנות, כריתת ברית עם ה\', משה עולה לקבל את הלֻחֹת','שמות כד'),(103,75,2,NULL,25,'2022-05-19','י״ח אִיָיר תשפ״ב','19:56:00','ציווי התרומה, תבנית הארון, תבנית הַשֻּׁלְחָן, תבנית המנורה','שמות כה'),(104,NULL,NULL,NULL,NULL,'2022-05-20',NULL,NULL,NULL,NULL),(105,NULL,NULL,NULL,NULL,'2022-05-21',NULL,NULL,NULL,NULL),(106,76,2,NULL,26,'2022-05-22','כ״א אִיָיר תשפ״ב','19:58:00','תבנית המשכן','שמות כו'),(107,77,2,NULL,27,'2022-05-23','כ״ב אִיָיר תשפ״ב','19:59:00','תבנית מזבח העולה, תבנית החצר, ציווי העלאת נר תמיד','שמות כז'),(108,78,2,NULL,28,'2022-05-24','כ״ג אִיָיר תשפ״ב','20:00:00','בגדי הכהונה','שמות כח'),(109,79,2,NULL,29,'2022-05-25','כ״ד אִיָיר תשפ״ב','20:00:00','אופן משיחת הכהנים ואופן קידוש המשכן','שמות כט'),(110,80,2,NULL,30,'2022-05-26','כ״ה אִיָיר תשפ״ב','20:01:00','מזבח הקטורת, הכיור, אופן מניית העם, שמן המשחה והקטורת','שמות ל'),(111,NULL,NULL,NULL,NULL,'2022-05-27',NULL,NULL,NULL,NULL),(112,NULL,NULL,NULL,NULL,'2022-05-28',NULL,NULL,NULL,NULL),(113,81,2,NULL,31,'2022-05-29','כ״ח אִיָיר תשפ״ב','20:03:00','מינוי בצלאל ואהליאב, ציווי על השבת, קבלת הלֻחֹת','שמות לא'),(114,82,2,NULL,32,'2022-05-30','כ״ט אִיָיר תשפ״ב','20:03:00','חטא העגל, תפילות משה, בני לוי הורגים את החוטאים','שמות לב'),(115,83,2,NULL,33,'2022-05-31','א׳ סִיוָן תשפ״ב','20:04:00','משה מתיישב מחוץ למחנה, משה מבקש שה\' ישכון רק בקרב ישראל','שמות לג'),(116,84,2,NULL,34,'2022-06-01','ב׳ סִיוָן תשפ״ב','20:05:00','הַלֻּחֹת השניים, י\"ג מידות, מצוות שונות','שמות לד'),(117,85,2,NULL,35,'2022-06-02','ג׳ סִיוָן תשפ״ב','20:05:00','בנ\"י מצווים על השבת ותורמים למלאכת המשכן','שמות לה'),(118,NULL,NULL,NULL,NULL,'2022-06-03',NULL,NULL,NULL,NULL),(119,NULL,NULL,NULL,NULL,'2022-06-04',NULL,NULL,NULL,NULL),(120,86,2,NULL,36,'2022-06-05','ו׳ סִיוָן תשפ״ב','20:07:00','סוף ההתרמה, זימון החכמים העושים במלאכה, עֲשִׂיַּת המשכן','שמות לו'),(121,87,2,NULL,37,'2022-06-06','ז׳ סִיוָן תשפ״ב','20:08:00','עֲשִׂיַּת הארון, השלחן, המנורה, מִזְבֵּחַ הַקְּטֹרֶת, השמן והַקְּטֹרֶת','שמות לז'),(122,88,2,NULL,38,'2022-06-07','ח׳ סִיוָן תשפ״ב','20:08:00','עֲשִׂיַּת מִזְבֵּחַ הָעוֹלָה, הַכִּיּוֹר וְהֶחָצֵר, פִּקּוּדֵי הַמִּשְׁכָּן','שמות לח'),(123,89,2,NULL,39,'2022-06-08','ט׳ סִיוָן תשפ״ב','20:09:00','עֲשִׂיַּת בִּגְדֵי הַכְּהֻנָּה, סִיּוּם עֲשִׂיַּת הַמִּשְׁכָּן וכלָיו והַבְּגָדִים','שמות לט'),(124,90,2,NULL,40,'2022-06-09','י׳ סִיוָן תשפ״ב','20:09:00','הקמת המשכן, האש והענן על המשכן','שמות מ'),(125,NULL,NULL,NULL,NULL,'2022-06-10',NULL,NULL,NULL,NULL),(126,NULL,NULL,NULL,NULL,'2022-06-11',NULL,NULL,NULL,NULL),(127,91,3,NULL,1,'2022-06-12','י״ג סִיוָן תשפ״ב','20:10:00','פָּרָשַׁת קָרְבַּן עוֹלָה','ויקרא א'),(128,92,3,NULL,2,'2022-06-13','י״ד סִיוָן תשפ״ב','20:11:00','פָּרָשַׁת קָרְבַּן מִנְחָה','ויקרא ב'),(129,93,3,NULL,3,'2022-06-14','ט״ו סִיוָן תשפ״ב','20:11:00','פָּרָשַׁת קָרְבַּן שְׁלָמִים','ויקרא ג'),(130,94,3,NULL,4,'2022-06-15','ט״ז סִיוָן תשפ״ב','20:11:00','פָּרָשַׁת קָרְבַּן חַטָּאת','ויקרא ד'),(131,95,3,NULL,5,'2022-06-16','י״ז סִיוָן תשפ״ב','20:12:00','פָּרָשַׁת קָרְבַּן עוֹלֶה וְיוֹרֵד וּפָרָשַׁת קָרְבַּן אָשָׁם','ויקרא ה'),(132,NULL,NULL,NULL,NULL,'2022-06-17',NULL,NULL,NULL,NULL),(133,NULL,NULL,NULL,NULL,'2022-06-18',NULL,NULL,NULL,NULL),(134,96,3,NULL,6,'2022-06-19','כ׳ סִיוָן תשפ״ב','20:13:00','דינים נוספים של העולה, של המנחה ושל החטאת','ויקרא ו'),(135,97,3,NULL,7,'2022-06-20','כ״א סִיוָן תשפ״ב','20:13:00','דינים נוספים של האשם ושל השלמים, איסור אכילת חלב ודם','ויקרא ז'),(136,98,3,NULL,8,'2022-06-21','כ״ב סִיוָן תשפ״ב','20:13:00','משיחת המשכן ואהרן ובניו','ויקרא ח'),(137,99,3,NULL,9,'2022-06-22','כ״ג סִיוָן תשפ״ב','20:13:00','היום השמיני למילואים','ויקרא ט'),(138,100,3,NULL,10,'2022-06-23','כ״ד סִיוָן תשפ״ב','20:14:00','חטא נדב ואביהוא ומיתתם, איסור עבודה לשתויי יין','ויקרא י'),(139,NULL,NULL,NULL,NULL,'2022-06-24',NULL,NULL,NULL,NULL),(140,NULL,NULL,NULL,NULL,'2022-06-25',NULL,NULL,NULL,NULL),(141,101,3,NULL,11,'2022-06-26','כ״ז סִיוָן תשפ״ב','20:14:00','החיות המותרות והאסורות באכילה','ויקרא יא'),(142,102,3,NULL,12,'2022-06-27','כ״ח סִיוָן תשפ״ב','20:14:00','טומאת היולדת וטהרתה','ויקרא יב'),(143,103,3,NULL,13,'2022-06-28','כ״ט סִיוָן תשפ״ב','20:14:00','טומאת צרעת הגוף והבגדים','ויקרא יג'),(144,104,3,NULL,14,'2022-06-29','ל׳ סִיוָן תשפ״ב','20:14:00','טהרת המצורע, צרעת הבתים','ויקרא יד'),(145,105,3,NULL,15,'2022-06-30','א׳ תַּמּוּז תשפ״ב','20:14:00','טומאת זב ובעל קרי, נדה וזבה וטהרתם','ויקרא טו'),(146,NULL,NULL,NULL,NULL,'2022-07-01',NULL,NULL,NULL,NULL),(147,NULL,NULL,NULL,NULL,'2022-07-02',NULL,NULL,NULL,NULL),(148,106,3,NULL,16,'2022-07-03','ד׳ תַּמּוּז תשפ״ב','20:14:00','סדר עבודת הכהן הגדול','ויקרא טז'),(149,107,3,NULL,17,'2022-07-04','ה׳ תַּמּוּז תשפ״ב','20:14:00','אִסּוּר שְׁחִיטַת חוץ והקרבה בַּבָּמוֹת, כִּסּוּי הדם, טֻמְאַת נְבֵלָה','ויקרא יז'),(150,108,3,NULL,18,'2022-07-05','ו׳ תַּמּוּז תשפ״ב','20:14:00','אזהרה על תועבות הגויים בתחום העריות','ויקרא יח'),(151,109,3,NULL,19,'2022-07-06','ז׳ תַּמּוּז תשפ״ב','20:13:00','מִצְוֹת רַבּוֹת','ויקרא יט'),(152,110,3,NULL,20,'2022-07-07','ח׳ תַּמּוּז תשפ״ב','20:13:00','מִצְוֹת נוֹסָפוֹת, העונשים על העריות','ויקרא כ'),(153,NULL,NULL,NULL,NULL,'2022-07-08',NULL,NULL,NULL,NULL),(154,NULL,NULL,NULL,NULL,'2022-07-09',NULL,NULL,NULL,NULL),(155,111,3,NULL,21,'2022-07-10','י״א תַּמּוּז תשפ״ב','20:12:00','צִוּוּיִּם מיוחדים לכהנים וכהנים גדולים, פסולי כהונה','ויקרא כא'),(156,112,3,NULL,22,'2022-07-11','י״ב תַּמּוּז תשפ״ב','20:12:00','מִצְוֹת רַבּוֹת נוֹסָפוֹת הקשורות לכהנים ולקרבנות','ויקרא כב'),(157,113,3,NULL,23,'2022-07-12','י״ג תַּמּוּז תשפ״ב','20:12:00','פָּרָשַׁת המועדות','ויקרא כג'),(158,114,3,NULL,24,'2022-07-13','י״ד תַּמּוּז תשפ״ב','20:11:00','ציווי העלאת נר תמיד, לחם הפנים, הַמְקַלֵּל, מכה נפש ובהמה','ויקרא כד'),(159,115,3,NULL,25,'2022-07-14','ט״ו תַּמּוּז תשפ״ב','20:11:00','שְׁמִטָּה ויוֹבֵל, אִסּוּר רִבִּית, כמה מצוות בעניין עבד עברי','ויקרא כה'),(160,NULL,NULL,NULL,NULL,'2022-07-15',NULL,NULL,NULL,NULL),(161,NULL,NULL,NULL,NULL,'2022-07-16',NULL,NULL,NULL,NULL),(162,116,3,NULL,26,'2022-07-17','י״ח תַּמּוּז תשפ״ב','20:10:00','מספר אזהרות, הברכה והקללה','ויקרא כו'),(163,117,3,NULL,27,'2022-07-18','י״ט תַּמּוּז תשפ״ב','20:09:00','הלכות ערכים וחרמים','ויקרא כז'),(164,118,4,NULL,1,'2022-07-19','כ׳ תַּמּוּז תשפ״ב','20:09:00','מפקד בני ישראל ללא הַלְוִיִּם, הפקדת הַלְוִיִּם על המשכן','במדבר א'),(165,119,4,NULL,2,'2022-07-20','כ״א תַּמּוּז תשפ״ב','20:08:00','צִוּוּיִּ על חניה לפי דגלים, קיום הַצִּוּוּי, נסיעה כפי החניה','במדבר ב'),(166,120,4,NULL,3,'2022-07-21','כ״ב תַּמּוּז תשפ״ב','20:08:00','תֹּלְדוֹת אהרן, הַלְוִיִּם - משרתים, מפקד הַלְוִיִּם והַבְּכֹרֹת, החלפתם','במדבר ג'),(167,NULL,NULL,NULL,NULL,'2022-07-22',NULL,NULL,NULL,NULL),(168,NULL,NULL,NULL,NULL,'2022-07-23',NULL,NULL,NULL,NULL),(169,121,4,NULL,4,'2022-07-24','כ״ה תַּמּוּז תשפ״ב','20:06:00','פקודת הַלְוִיִּם לפי משפחות: קהת, גרשון ומררי','במדבר ד'),(170,122,4,NULL,5,'2022-07-25','כ״ו תַּמּוּז תשפ״ב','20:05:00','שִׁלּוּחַ טמאים מהמחנה, גוזל ונשבע, תרומה, קדשים, סוטה','במדבר ה'),(171,123,4,NULL,6,'2022-07-26','כ״ז תַּמּוּז תשפ״ב','20:04:00','תורת הנזיר, בִּרְכַּת כֹּהֲנִים','במדבר ו'),(172,124,4,NULL,7,'2022-07-27','כ״ח תַּמּוּז תשפ״ב','20:04:00','קרבנות הנשיאים לחנוכת המזבח','במדבר ז'),(173,125,4,NULL,8,'2022-07-28','כ״ט תַּמּוּז תשפ״ב','20:03:00','העלאת הַנֵּרֹת, מעשה הַמְּנֹרָה, טהרת וכפרת הַלְוִיִּם, גיל עֲבֹדָתָם','במדבר ח'),(174,NULL,NULL,NULL,NULL,'2022-07-29',NULL,NULL,NULL,NULL),(175,NULL,NULL,NULL,NULL,'2022-07-30',NULL,NULL,NULL,NULL),(176,126,4,NULL,9,'2022-07-31','ג׳ אָב תשפ״ב','20:01:00','פסח מדבר, הַצִּוּוּי על פסח שני, הַגֵּר בפסח, הענן','במדבר ט'),(177,127,4,NULL,10,'2022-08-01','ד׳ אָב תשפ״ב','20:00:00','הַחֲצֹצְרוֹת, מסע המחנות, הַפְּנִיָּה לְחֹבָב, נְסִיעָת הָאָרוֹן','במדבר י'),(178,128,4,NULL,11,'2022-08-02','ה׳ אָב תשפ״ב','19:59:00','הַמִּתְאוֹנֵנִים, הַמִּתְאַוִּים, תְּפִלַּת מֹשֶׁה, הַזְּקֵנִים, אֶלְדָּד וּמֵידָד','במדבר יא'),(179,129,4,NULL,12,'2022-08-03','ו׳ אָב תשפ״ב','19:58:00','מעשה מרים, מעלת נבואתו של משה, עונש מרים','במדבר יב'),(180,130,4,NULL,13,'2022-08-04','ז׳ אָב תשפ״ב','19:57:00','שליחת המרגלים, חזרתם ודבריהם','במדבר יג'),(181,NULL,NULL,NULL,NULL,'2022-08-05',NULL,NULL,NULL,NULL),(182,NULL,NULL,NULL,NULL,'2022-08-06',NULL,NULL,NULL,NULL),(183,131,4,NULL,14,'2022-08-07','י׳ אָב תשפ״ב','19:54:00','תְּלוּנַת העם, תגובת ה\', תְּפִלַּת משה, עונש לדור, המעפילים','במדבר יד'),(184,132,4,NULL,15,'2022-08-08','י״א אָב תשפ״ב','19:53:00','מנחה ונסכים, חלה, קָרְבָּנוֹת על עבודה זרה, מְקֹשֵׁשׁ, צִיצִת','במדבר טו'),(185,133,4,NULL,16,'2022-08-09','י״ב אָב תשפ״ב','19:52:00','מחלוקת קרח, עונש המשתתפים','במדבר טז'),(186,134,4,NULL,17,'2022-08-10','י״ג אָב תשפ״ב','19:51:00','מִחְזוּר הַמַּחְתּוֹת, תלונת העם וְעָנְשָם, מטה אהרן, חשש העם','במדבר יז'),(187,135,4,NULL,18,'2022-08-11','י״ד אָב תשפ״ב','19:50:00','שמירת המקדש, מַתְּנֹת כְּהֻנָּה, מעשר ראשון, מעשר מן המעשר','במדבר יח'),(188,NULL,NULL,NULL,NULL,'2022-08-12',NULL,NULL,NULL,NULL),(189,NULL,NULL,NULL,NULL,'2022-08-13',NULL,NULL,NULL,NULL),(190,136,4,NULL,19,'2022-08-14','י״ז אָב תשפ״ב','19:47:00','פָּרָה אֲדֻמָּה, טֻמְאַת מֵת','במדבר יט'),(191,137,4,NULL,20,'2022-08-15','י״ח אָב תשפ״ב','19:46:00','מות מרים, תלונת העדה, חטא מי מריבה, הַפְּנִיָּה לאדום, מות אהרן','במדבר כ'),(192,138,4,NULL,21,'2022-08-16','י״ט אָב תשפ״ב','19:45:00','מלחמת ערד, תלונת העם וְתֹּצְאֹתֶיהָ, שירת הבאר, המלחמה בסיחון ובעוג','במדבר כא'),(193,139,4,NULL,22,'2022-08-17','כ׳ אָב תשפ״ב','19:44:00','בלק שוכר את בלעם לקלל','במדבר כב'),(194,140,4,NULL,23,'2022-08-18','כ״א אָב תשפ״ב','19:43:00','בלעם מברך את ישראל פעמיים','במדבר כג'),(195,NULL,NULL,NULL,NULL,'2022-08-19',NULL,NULL,NULL,NULL),(196,NULL,NULL,NULL,NULL,'2022-08-20',NULL,NULL,NULL,NULL),(197,141,4,NULL,24,'2022-08-21','כ״ד אָב תשפ״ב','19:39:00','בלעם מברך את ישראל פעם נוספת ומנבא על ישראל והאומות','במדבר כד'),(198,142,4,NULL,25,'2022-08-22','כ״ה אָב תשפ״ב','19:38:00','בנות מואב ובני ישראל, קנאת פינחס והשכר שקיבל, צִוּוּי לְהִלָּחֵם במדין','במדבר כה'),(199,143,4,NULL,26,'2022-08-23','כ״ו אָב תשפ״ב','19:37:00','מפקד בני ישראל, אופן חלוקת הנחלות, פְּקוּדֵי הַלְוִיִּם','במדבר כו'),(200,144,4,NULL,27,'2022-08-24','כ״ז אָב תשפ״ב','19:36:00','בְּנוֹת צְלָפְחָד וְדִינָן, צִוּוּי ה\' לְמֹשֶׁה לַעֲלוֹת הָהָרָה, מִנּוּי יְהוֹשֻׁעַ','במדבר כז'),(201,145,4,NULL,28,'2022-08-25','כ״ח אָב תשפ״ב','19:35:00','קרבנות התמיד, שבת, ראש חודש, פסח וחג המצות, שבועות','במדבר כח'),(202,NULL,NULL,NULL,NULL,'2022-08-26',NULL,NULL,NULL,NULL),(203,NULL,NULL,NULL,NULL,'2022-08-27',NULL,NULL,NULL,NULL),(204,146,4,NULL,29,'2022-08-28','א׳ אֱלוּל תשפ״ב','19:31:00','קרבנות ראש השנה, יום הַכִּפּוּרִים, סוכות, שְׁמִינִי עֲצֶרֶת','במדבר כט'),(205,147,4,NULL,30,'2022-08-29','ב׳ אֱלוּל תשפ״ב','19:30:00','פרשת נדרים','במדבר ל'),(206,148,4,NULL,31,'2022-08-30','ג׳ אֱלוּל תשפ״ב','19:28:00','מלחמה במדין, הגעלת וטבילת כלים, חלוקת השלל מהמלחמה','במדבר לא'),(207,149,4,NULL,32,'2022-08-31','ד׳ אֱלוּל תשפ״ב','19:27:00','ראובן, גד וחצי המנשה מבקשים את עבר הירדן המזרחי, התנאי של משה איתם','במדבר לב'),(208,150,4,NULL,33,'2022-09-01','ה׳ אֱלוּל תשפ״ב','19:26:00','מסעי בני ישראל, הציווי להוריש את יושבי הארץ','במדבר לג'),(209,NULL,NULL,NULL,NULL,'2022-09-02',NULL,NULL,NULL,NULL),(210,NULL,NULL,NULL,NULL,'2022-09-03',NULL,NULL,NULL,NULL),(211,151,4,NULL,34,'2022-09-04','ח׳ אֱלוּל תשפ״ב','19:22:00','גבולות ארץ כנען, מנחילי הארץ','במדבר לד'),(212,152,4,NULL,35,'2022-09-05','ט׳ אֱלוּל תשפ״ב','19:21:00','עָרֵי הַלְוִיִּם, עָרֵי מִקְלָט ורוצח בשגגה','במדבר לה'),(213,153,4,NULL,36,'2022-09-06','י׳ אֱלוּל תשפ״ב','19:19:00','טענת בני מנשה, בְּנוֹת צְלָפְחָד נישאות לִבְנֵי דֹדֵיהֶן','במדבר לו'),(214,154,5,NULL,1,'2022-09-07','י״א אֱלוּל תשפ״ב','19:18:00','מֹשֶׁה מתאר בפני ישראל את תחילת קורות המדבר','דברים א'),(215,155,5,NULL,2,'2022-09-08','י״ב אֱלוּל תשפ״ב','19:17:00','מֹשֶׁה מתאר בפני ישראל את סוף קורות המדבר','דברים ב'),(216,NULL,NULL,NULL,NULL,'2022-09-09',NULL,NULL,NULL,NULL),(217,NULL,NULL,NULL,NULL,'2022-09-10',NULL,NULL,NULL,NULL),(218,156,5,NULL,3,'2022-09-11','ט״ו אֱלוּל תשפ״ב','19:13:00','מֹשֶׁה ממשיך לתאר בפני ישראל את סוף קורות המדבר','דברים ג'),(219,157,5,NULL,4,'2022-09-12','ט״ז אֱלוּל תשפ״ב','19:11:00','מֹשֶׁה מַתְרֶה בְיִשְׂרָאֵל לָלֶכֶת בְּדֶרֶךְ הַטּוֹב וּמַבְדִּיל שָׁלֹשׁ עָרֵי מִקְלָט','דברים ד'),(220,158,5,NULL,5,'2022-09-13','י״ז אֱלוּל תשפ״ב','19:10:00','עשרת הדברות ומעמד הר סיני','דברים ה'),(221,159,5,NULL,6,'2022-09-14','י״ח אֱלוּל תשפ״ב','19:09:00','אזהרות נוספות, פרשת שמע, שאלת הבן','דברים ו'),(222,160,5,NULL,7,'2022-09-15','י״ט אֱלוּל תשפ״ב','19:07:00','הבדל ישראל והעמים ומצוות קשורות, ברכה בזכות קיום המצוות','דברים ז'),(223,NULL,NULL,NULL,NULL,'2022-09-16',NULL,NULL,NULL,NULL),(224,NULL,NULL,NULL,NULL,'2022-09-17',NULL,NULL,NULL,NULL),(225,161,5,NULL,8,'2022-09-18','כ״ב אֱלוּל תשפ״ב','19:03:00','קִיּוּם הַמִּצְוֹת מְחַיֶּה, זִכָּרוֹן נִסֵּי הַמִּדְבָּר, הָאָרֶץ הַטֹּבָה וּבִרְכָתָהּ וָעוֹד','דברים ח'),(226,162,5,NULL,9,'2022-09-19','כ״ג אֱלוּל תשפ״ב','19:02:00','ה\' מוֹרִישׁ אֶת הַגּוֹיִם מִפְּנֵי רִשְׁעָתָם, מֹשֶׁה מַזְכִּיר מֵחֲטָאֵי הַמִּדְבָּר','דברים ט'),(227,163,5,NULL,10,'2022-09-20','כ״ד אֱלוּל תשפ״ב','19:01:00','מֹשֶׁה מַזְכִּיר אֶת הַלֻּחוֹת הַשְּׁנִיִּם וּמִקְרִים נוֹסָפִים, יִרְאַת וְאַהֲבַת ה\'','דברים י'),(228,164,5,NULL,11,'2022-09-21','כ״ה אֱלוּל תשפ״ב','18:59:00','שבחה של ארץ ישראל, פרשת \"והיה אם שמוע\", הבטחת ה\' לעם ישראל על ירושת הארץ','דברים יא'),(229,165,5,NULL,12,'2022-09-22','כ״ו אֱלוּל תשפ״ב','18:58:00','מִצְוֹת רַבּוֹת הקשורות למקדש','דברים יב'),(230,NULL,NULL,NULL,NULL,'2022-09-23',NULL,NULL,NULL,NULL),(231,NULL,NULL,NULL,NULL,'2022-09-24',NULL,NULL,NULL,NULL),(232,166,5,NULL,13,'2022-09-25','כ״ט אֱלוּל תשפ״ב','18:54:00','לֹא תֹסֵף וְלֹא תִגְרַע, נְבִיא שֶׁקֶר, מֵסִית ומדיח, עִיר הַנִּדַּחַת','דברים יג'),(233,167,5,NULL,14,'2022-09-26','א׳ תִשְׁרֵי תשפ״ג','18:53:00','לא לְהִתְגּוֹדֵּד, לא לִקְרֹח, מאכלות אסורות, מעשר שני ועני ועוד','דברים יד'),(234,168,5,NULL,15,'2022-09-27','ב׳ תִשְׁרֵי תשפ״ג','18:52:00','שמיטת כספים, צדקה, הענקה, בכור','דברים טו'),(235,169,5,NULL,16,'2022-09-28','ג׳ תִשְׁרֵי תשפ״ג','18:50:00','הרגלים, ספירת העומר, עֲלִיָּה לָרֶגֶל, שֹׁפְטִים וְשֹׁטְרִים, אִסֻּרֵי מַצֵּבָה וַאֲשֵרָה','דברים טז'),(236,170,5,NULL,17,'2022-09-29','ד׳ תִשְׁרֵי תשפ״ג','18:49:00','חובת הריגת עובד עבודה זרה, זקן ממרא, מינוי מלך והלכותיו','דברים יז'),(237,NULL,NULL,NULL,NULL,'2022-09-30',NULL,NULL,NULL,NULL),(238,NULL,NULL,NULL,NULL,'2022-10-01',NULL,NULL,NULL,NULL),(239,171,5,NULL,18,'2022-10-02','ז׳ תִשְׁרֵי תשפ״ג','18:45:00','דיני הכהנים, איסור כישוף, החובה לשמוע לנביא, דיני נביא שקר','דברים יח'),(240,172,5,NULL,19,'2022-10-03','ח׳ תִשְׁרֵי תשפ״ג','18:44:00','עָרֵי מִקְלָט, לֹא לָחוֹס עַל רוֹצֵחַ וְחוֹבֵל, לֹא לְהַסּיג גְּבוּל, דִּינֵי עֵדִים','דברים יט'),(241,173,5,NULL,20,'2022-10-04','ט׳ תִשְׁרֵי תשפ״ג','18:43:00','דִּינֵי מִלְחָמָה, וּבֵינֵיהֶם: היחס לְשִׁבְעָה עַמִּים, עֲצֵי מַאֲכָל בְּעֵת מָצוֹר','דברים כ'),(242,174,5,NULL,21,'2022-10-05','י׳ תִשְׁרֵי תשפ״ג','18:41:00','עֶגְלָה עֲרֻפָה, אֵשֶׁת יְפַת תֹּאַר, בֵּן סוֹרֵר וּמֹרֶה, אִסּוּר הַלָּנַת מֵת','דברים כא'),(243,175,5,NULL,22,'2022-10-06','י״א תִשְׁרֵי תשפ״ג','18:40:00','מִצְוֹת רַבּוֹת','דברים כב'),(244,NULL,NULL,NULL,NULL,'2022-10-07',NULL,NULL,NULL,NULL),(245,NULL,NULL,NULL,NULL,'2022-10-08',NULL,NULL,NULL,NULL),(246,176,5,NULL,23,'2022-10-09','י״ד תִשְׁרֵי תשפ״ג','18:36:00','מִצְוֹת רַבּוֹת נוֹסָפוֹת','דברים כג'),(247,177,5,NULL,24,'2022-10-10','ט״ו תִשְׁרֵי תשפ״ג','18:35:00','מִצְוֹת רַבּוֹת נוֹסָפוֹת','דברים כד'),(248,178,5,NULL,25,'2022-10-11','ט״ז תִשְׁרֵי תשפ״ג','18:34:00','מלקות, אסור חסימת בהמה, יבום, חליצה, רודף, הצִוּוּי לזכור את מעשה עמלק ולמחותו','דברים כה'),(249,179,5,NULL,26,'2022-10-12','י״ז תִשְׁרֵי תשפ״ג','18:33:00','מקרא בכורים, ודוי מעשר, אזהרת משה ללכת בדרך ה׳','דברים כו'),(250,180,5,NULL,27,'2022-10-13','י״ח תִשְׁרֵי תשפ״ג','18:32:00','צווי על קיום מעמד ברכה וקללה בהר גרזים והר עיבל','דברים כז'),(251,NULL,NULL,NULL,NULL,'2022-10-14',NULL,NULL,NULL,NULL),(252,NULL,NULL,NULL,NULL,'2022-10-15',NULL,NULL,NULL,NULL),(253,181,5,NULL,28,'2022-10-16','כ״א תִשְׁרֵי תשפ״ג','18:28:00','ברית בערבות מואב / ברכות ותוכחות','דברים כח'),(254,182,5,NULL,29,'2022-10-17','כ״ב תִשְׁרֵי תשפ״ג','18:27:00','ברית ערבות, אזהרה על האלה, המכות - על עזיבת ה\'','דברים כט'),(255,183,5,NULL,30,'2022-10-18','כ״ג תִשְׁרֵי תשפ״ג','18:26:00','פרשת התשובה, משה מזהיר לבחור בחיים','דברים ל'),(256,184,5,NULL,31,'2022-10-19','כ״ד תִשְׁרֵי תשפ״ג','18:25:00','משה מחזק את ישראל ויהושע, מצות הקהל וכתיבת ספר תורה, יהושע נכנס לתפקיד','דברים לא'),(257,185,5,NULL,32,'2022-10-20','כ״ה תִשְׁרֵי תשפ״ג','18:24:00','שירת האזינו, צווי על משה למות','דברים לב'),(258,NULL,NULL,NULL,NULL,'2022-10-21',NULL,NULL,NULL,NULL),(259,NULL,NULL,NULL,NULL,'2022-10-22',NULL,NULL,NULL,NULL),(260,186,5,NULL,33,'2022-10-23','כ״ח תִשְׁרֵי תשפ״ג','18:21:00','ברכת משה לבני ישראל טרם מותו','דברים לג'),(261,187,5,NULL,34,'2022-10-24','כ״ט תִשְׁרֵי תשפ״ג','18:20:00','ה\' מראה למשה את הארץ, משה מת, שבח למשה','דברים לד'),(262,188,6,NULL,1,'2022-10-25','ל׳ תִשְׁרֵי תשפ״ג','18:19:00','חזוקי ה\' ליהושע, צווי להכין צידה, יהושע מזכיר לשנים וחצי השבטים את התחייבותם','יהושע א'),(263,189,6,NULL,2,'2022-10-26','א׳ חֶשְׁוָן תשפ״ג','18:18:00','יהושע שולח שני מרגלים ליריחו, הם מגיעים לרחב, חוזרים ומדווחים לו','יהושע ב'),(264,190,6,NULL,3,'2022-10-27','ב׳ חֶשְׁוָן תשפ״ג','18:17:00','הכנה למעבר הירדן, הכהנים נֹשאים את ארון הברית ומי הירדן נכרתים מפניו','יהושע ג'),(265,NULL,NULL,NULL,NULL,'2022-10-28',NULL,NULL,NULL,NULL),(266,NULL,NULL,NULL,NULL,'2022-10-29',NULL,NULL,NULL,NULL),(267,191,6,NULL,4,'2022-10-30','ה׳ חֶשְׁוָן תשפ״ג','17:14:00','צווי על הקמת אבני זכרון, יהושע מתגדל, מעבר הירדן לפרטיו','יהושע ד'),(268,192,6,NULL,5,'2022-10-31','ו׳ חֶשְׁוָן תשפ״ג','17:13:00','הלב של מלכי עבר הירדן נמס, מילת העם, פסח גלגל, אכילת החדש, המלאך ויהושע','יהושע ה'),(269,193,6,NULL,6,'2022-11-01','ז׳ חֶשְׁוָן תשפ״ג','17:13:00','כיבוש יריחו, הצלת רחב, קללה למי שיבנה מחדש את יריחו','יהושע ו'),(270,194,6,NULL,7,'2022-11-02','ח׳ חֶשְׁוָן תשפ״ג','17:12:00','מעילת עכן בחרם, כשלון ישראל במלחמת העי הראשונה','יהושע ז'),(271,195,6,NULL,8,'2022-11-03','ט׳ חֶשְׁוָן תשפ״ג','17:11:00','המלחמה השניה של ישראל בעי ונצחונם, קיום מעמד הברכה והקללה','יהושע ח'),(272,NULL,NULL,NULL,NULL,'2022-11-04',NULL,NULL,NULL,NULL),(273,NULL,NULL,NULL,NULL,'2022-11-05',NULL,NULL,NULL,NULL),(274,196,6,NULL,9,'2022-11-06','י״ב חֶשְׁוָן תשפ״ג','17:09:00','תרמית הגבעונים','יהושע ט'),(275,197,6,NULL,10,'2022-11-07','י״ג חֶשְׁוָן תשפ״ג','17:08:00','מלחמת יהושע במלכי הדרום, כיבוש חלקים נרחבים מהארץ','יהושע י'),(276,198,6,NULL,11,'2022-11-08','י״ד חֶשְׁוָן תשפ״ג','17:07:00','מלחמת יהושע במלכי הצפון','יהושע יא'),(277,199,6,NULL,12,'2022-11-09','ט״ו חֶשְׁוָן תשפ״ג','17:07:00','פירוט המלכים שהכו בני ישראל','יהושע יב'),(278,200,6,NULL,13,'2022-11-10','ט״ז חֶשְׁוָן תשפ״ג','17:06:00','צווי ה\' ליהושע להנחיל הארץ, נחלות ראובן גד, וחצי המנשה','יהושע יג'),(279,NULL,NULL,NULL,NULL,'2022-11-11',NULL,NULL,NULL,NULL),(280,NULL,NULL,NULL,NULL,'2022-11-12',NULL,NULL,NULL,NULL),(281,201,6,NULL,14,'2022-11-13','י״ט חֶשְׁוָן תשפ״ג','17:04:00','כלב מבקש מיהושע את הר חברון ומקבלו','יהושע יד'),(282,202,6,NULL,15,'2022-11-14','כ׳ חֶשְׁוָן תשפ״ג','17:04:00','נחלת יהודה, עתניאל בן קנז כובש את דביר ומקבל את עכסה בת כלב, בקשת עכסה','יהושע טו'),(283,203,6,NULL,16,'2022-11-15','כ״א חֶשְׁוָן תשפ״ג','17:03:00','נחלת אפרים','יהושע טז'),(284,204,6,NULL,17,'2022-11-16','כ״ב חֶשְׁוָן תשפ״ג','17:03:00','נחלת מנשה, ברוא יער להרחבת נחלת בני יוסף','יהושע יז'),(285,205,6,NULL,18,'2022-11-17','כ״ג חֶשְׁוָן תשפ״ג','17:02:00','השכנת אהל מועד בשילה, כתיבת הארץ וגורלות לשבעה שבטים','יהושע יח'),(286,NULL,NULL,NULL,NULL,'2022-11-18',NULL,NULL,NULL,NULL),(287,NULL,NULL,NULL,NULL,'2022-11-19',NULL,NULL,NULL,NULL),(288,206,6,NULL,19,'2022-11-20','כ״ו חֶשְׁוָן תשפ״ג','17:01:00','גורלות שמעון, זבולן, יששכר, אשר, נפתלי ודן','יהושע יט'),(289,207,6,NULL,20,'2022-11-21','כ״ז חֶשְׁוָן תשפ״ג','17:01:00','הקדשת ערי מקלט בעבר הירדן המערבי','יהושע כ'),(290,208,6,NULL,21,'2022-11-22','כ״ח חֶשְׁוָן תשפ״ג','17:01:00','ערי הלוים ומגרשיהם, מנוחה מהגוים','יהושע כא'),(291,209,6,NULL,22,'2022-11-23','כ״ט חֶשְׁוָן תשפ״ג','17:00:00','יהושע משחרר את שנים וחצי השבטים והם בונים מזבח, דין ודברים עמם','יהושע כב'),(292,210,6,NULL,23,'2022-11-24','ל׳ חֶשְׁוָן תשפ״ג','17:00:00','נאום יהושע','יהושע כג'),(293,NULL,NULL,NULL,NULL,'2022-11-25',NULL,NULL,NULL,NULL),(294,NULL,NULL,NULL,NULL,'2022-11-26',NULL,NULL,NULL,NULL),(295,211,6,NULL,24,'2022-11-27','ג׳ כִּסְלֵו תשפ״ג','16:59:00','יהושע מזהיר מפני ע\"ז וכורת ברית על עבודת ה\', מות יהושע, קבורת יוסף, מות אלעזר','יהושע כד'),(296,212,7,NULL,1,'2022-11-28','ד׳ כִּסְלֵו תשפ״ג','16:59:00','כיבושי יהודה, שמעון ובני יוסף, עם ישראל לא הוריש את הכנענים','שופטים א'),(297,213,7,NULL,2,'2022-11-29','ה׳ כִּסְלֵו תשפ״ג','16:59:00','קם דור שלא ידע את ה\' ועבדו ע\"ז, כשהיו חוזרים בתשובה היה ה\' מושיעם','שופטים ב'),(298,214,7,NULL,3,'2022-11-30','ו׳ כִּסְלֵו תשפ״ג','16:59:00','הגוים המציקים, שפיטת עתניאל בן קנז, אהוד בן גרא ושמגר בן ענת','שופטים ג'),(299,215,7,NULL,4,'2022-12-01','ז׳ כִּסְלֵו תשפ״ג','16:59:00','דבורה, ברק ושבטי זבולן ונפתלי נלחמים בסיסרא, יעל הורגתו','שופטים ד'),(300,NULL,NULL,NULL,NULL,'2022-12-02',NULL,NULL,NULL,NULL),(301,NULL,NULL,NULL,NULL,'2022-12-03',NULL,NULL,NULL,NULL),(302,216,7,NULL,5,'2022-12-04','י׳ כִּסְלֵו תשפ״ג','16:59:00','שירת דבורה, הארץ שוקטת ארבעים שנה','שופטים ה'),(303,217,7,NULL,6,'2022-12-05','י״א כִּסְלֵו תשפ״ג','16:59:00','נאום הנביא, דבר ה\' לגדעון, ריב גדעון בבעל ובקשת האותות','שופטים ו'),(304,218,7,NULL,7,'2022-12-06','י״ב כִּסְלֵו תשפ״ג','16:59:00','המלחמה במדין: מצבת הנלחמים, האות, התכסיס, הבהלה והמרדף','שופטים ז'),(305,219,7,NULL,8,'2022-12-07','י״ג כִּסְלֵו תשפ״ג','16:59:00','המרדף אחר זבח וצלמנע ותצאתיו, מות גדעון','שופטים ח'),(306,220,7,NULL,9,'2022-12-08','י״ד כִּסְלֵו תשפ״ג','16:59:00','אבימלך ואנשי שכם רוצחים את בני גדעון, הרעה שבאה עליהם','שופטים ט'),(307,NULL,NULL,NULL,NULL,'2022-12-09',NULL,NULL,NULL,NULL),(308,NULL,NULL,NULL,NULL,'2022-12-10',NULL,NULL,NULL,NULL),(309,221,7,NULL,10,'2022-12-11','י״ז כִּסְלֵו תשפ״ג','17:00:00','שופטים נוספים, לחץ עמון על ישראל, דבר ה\', דבר שרי גלעד','שופטים י'),(310,222,7,NULL,11,'2022-12-12','י״ח כִּסְלֵו תשפ״ג','17:00:00','מינוי יפתח, שיח בינו למלך עמון, נדרו, הקרב בעמון, קיום הנדר','שופטים יא'),(311,223,7,NULL,12,'2022-12-13','י״ט כִּסְלֵו תשפ״ג','17:01:00','פנית אפרים אל יפתח וענשם מאת הגלעדים, שופטים נוספים','שופטים יב'),(312,224,7,NULL,13,'2022-12-14','כ׳ כִּסְלֵו תשפ״ג','17:01:00','התגלות המלאך אל אשת מנוח, הולדת שמשון','שופטים יג'),(313,225,7,NULL,14,'2022-12-15','כ״א כִּסְלֵו תשפ״ג','17:01:00',NULL,'שופטים יד'),(314,NULL,NULL,NULL,NULL,'2022-12-16',NULL,NULL,NULL,NULL),(315,NULL,NULL,NULL,NULL,'2022-12-17',NULL,NULL,NULL,NULL),(316,226,7,NULL,15,'2022-12-18','כ״ד כִּסְלֵו תשפ״ג','17:02:00',NULL,'שופטים טו'),(317,227,7,NULL,16,'2022-12-19','כ״ה כִּסְלֵו תשפ״ג','17:03:00',NULL,'שופטים טז'),(318,228,7,NULL,17,'2022-12-20','כ״ו כִּסְלֵו תשפ״ג','17:03:00',NULL,'שופטים יז'),(319,229,7,NULL,18,'2022-12-21','כ״ז כִּסְלֵו תשפ״ג','17:04:00',NULL,'שופטים יח'),(320,230,7,NULL,19,'2022-12-22','כ״ח כִּסְלֵו תשפ״ג','17:04:00',NULL,'שופטים יט'),(321,NULL,NULL,NULL,NULL,'2022-12-23',NULL,NULL,NULL,NULL),(322,NULL,NULL,NULL,NULL,'2022-12-24',NULL,NULL,NULL,NULL),(323,231,7,NULL,20,'2022-12-25','א׳ טֵבֵת תשפ״ג','17:06:00',NULL,'שופטים כ'),(324,232,7,NULL,21,'2022-12-26','ב׳ טֵבֵת תשפ״ג','17:06:00',NULL,'שופטים כא'),(325,233,8,1,1,'2022-12-27','ג׳ טֵבֵת תשפ״ג','17:07:00',NULL,'שמואל א א'),(326,234,8,1,2,'2022-12-28','ד׳ טֵבֵת תשפ״ג','17:08:00',NULL,'שמואל א ב'),(327,235,8,1,3,'2022-12-29','ה׳ טֵבֵת תשפ״ג','17:08:00',NULL,'שמואל א ג'),(328,NULL,NULL,NULL,NULL,'2022-12-30',NULL,NULL,NULL,NULL),(329,NULL,NULL,NULL,NULL,'2022-12-31',NULL,NULL,NULL,NULL),(330,236,8,1,4,'2023-01-01','ח׳ טֵבֵת תשפ״ג','17:10:00',NULL,'שמואל א ד'),(331,237,8,1,5,'2023-01-02','ט׳ טֵבֵת תשפ״ג','17:11:00',NULL,'שמואל א ה'),(332,238,8,1,6,'2023-01-03','י׳ טֵבֵת תשפ״ג','17:12:00',NULL,'שמואל א ו'),(333,239,8,1,7,'2023-01-04','י״א טֵבֵת תשפ״ג','17:13:00',NULL,'שמואל א ז'),(334,240,8,1,8,'2023-01-05','י״ב טֵבֵת תשפ״ג','17:13:00',NULL,'שמואל א ח'),(335,NULL,NULL,NULL,NULL,'2023-01-06',NULL,NULL,NULL,NULL),(336,NULL,NULL,NULL,NULL,'2023-01-07',NULL,NULL,NULL,NULL),(337,241,8,1,9,'2023-01-08','ט״ו טֵבֵת תשפ״ג','17:16:00',NULL,'שמואל א ט'),(338,242,8,1,10,'2023-01-09','ט״ז טֵבֵת תשפ״ג','17:16:00',NULL,'שמואל א י'),(339,243,8,1,11,'2023-01-10','י״ז טֵבֵת תשפ״ג','17:17:00',NULL,'שמואל א יא'),(340,244,8,1,12,'2023-01-11','י״ח טֵבֵת תשפ״ג','17:18:00',NULL,'שמואל א יב'),(341,245,8,1,13,'2023-01-12','י״ט טֵבֵת תשפ״ג','17:19:00',NULL,'שמואל א יג'),(342,NULL,NULL,NULL,NULL,'2023-01-13',NULL,NULL,NULL,NULL),(343,NULL,NULL,NULL,NULL,'2023-01-14',NULL,NULL,NULL,NULL),(344,246,8,1,14,'2023-01-15','כ״ב טֵבֵת תשפ״ג','17:21:00',NULL,'שמואל א יד'),(345,247,8,1,15,'2023-01-16','כ״ג טֵבֵת תשפ״ג','17:22:00',NULL,'שמואל א טו'),(346,248,8,1,16,'2023-01-17','כ״ד טֵבֵת תשפ״ג','17:23:00',NULL,'שמואל א טז'),(347,249,8,1,17,'2023-01-18','כ״ה טֵבֵת תשפ״ג','17:24:00',NULL,'שמואל א יז'),(348,250,8,1,18,'2023-01-19','כ״ו טֵבֵת תשפ״ג','17:25:00',NULL,'שמואל א יח'),(349,NULL,NULL,NULL,NULL,'2023-01-20',NULL,NULL,NULL,NULL),(350,NULL,NULL,NULL,NULL,'2023-01-21',NULL,NULL,NULL,NULL),(351,251,8,1,19,'2023-01-22','כ״ט טֵבֵת תשפ״ג','17:27:00',NULL,'שמואל א יט'),(352,252,8,1,20,'2023-01-23','א׳ שְׁבָט תשפ״ג','17:28:00',NULL,'שמואל א כ'),(353,253,8,1,21,'2023-01-24','ב׳ שְׁבָט תשפ״ג','17:29:00',NULL,'שמואל א כא'),(354,254,8,1,22,'2023-01-25','ג׳ שְׁבָט תשפ״ג','17:30:00',NULL,'שמואל א כב'),(355,255,8,1,23,'2023-01-26','ד׳ שְׁבָט תשפ״ג','17:31:00',NULL,'שמואל א כג'),(356,NULL,NULL,NULL,NULL,'2023-01-27',NULL,NULL,NULL,NULL),(357,NULL,NULL,NULL,NULL,'2023-01-28',NULL,NULL,NULL,NULL),(358,256,8,1,24,'2023-01-29','ז׳ שְׁבָט תשפ״ג','17:34:00',NULL,'שמואל א כד'),(359,257,8,1,25,'2023-01-30','ח׳ שְׁבָט תשפ״ג','17:34:00',NULL,'שמואל א כה'),(360,258,8,1,26,'2023-01-31','ט׳ שְׁבָט תשפ״ג','17:35:00',NULL,'שמואל א כו'),(361,259,8,1,27,'2023-02-01','י׳ שְׁבָט תשפ״ג','17:36:00',NULL,'שמואל א כז'),(362,260,8,1,28,'2023-02-02','י״א שְׁבָט תשפ״ג','17:37:00',NULL,'שמואל א כח'),(363,NULL,NULL,NULL,NULL,'2023-02-03',NULL,NULL,NULL,NULL),(364,NULL,NULL,NULL,NULL,'2023-02-04',NULL,NULL,NULL,NULL),(365,261,8,1,29,'2023-02-05','י״ד שְׁבָט תשפ״ג','17:40:00',NULL,'שמואל א כט'),(366,262,8,1,30,'2023-02-06','ט״ו שְׁבָט תשפ״ג','17:40:00',NULL,'שמואל א ל'),(367,263,8,1,31,'2023-02-07','ט״ז שְׁבָט תשפ״ג','17:41:00',NULL,'שמואל א לא'),(368,264,8,2,1,'2023-02-08','י״ז שְׁבָט תשפ״ג','17:42:00',NULL,'שמואל ב א'),(369,265,8,2,2,'2023-02-09','י״ח שְׁבָט תשפ״ג','17:43:00',NULL,'שמואל ב ב'),(370,NULL,NULL,NULL,NULL,'2023-02-10',NULL,NULL,NULL,NULL),(371,NULL,NULL,NULL,NULL,'2023-02-11',NULL,NULL,NULL,NULL),(372,266,8,2,3,'2023-02-12','כ״א שְׁבָט תשפ״ג','17:46:00',NULL,'שמואל ב ג'),(373,267,8,2,4,'2023-02-13','כ״ב שְׁבָט תשפ״ג','17:46:00',NULL,'שמואל ב ד'),(374,268,8,2,5,'2023-02-14','כ״ג שְׁבָט תשפ״ג','17:47:00',NULL,'שמואל ב ה'),(375,269,8,2,6,'2023-02-15','כ״ד שְׁבָט תשפ״ג','17:48:00',NULL,'שמואל ב ו'),(376,270,8,2,7,'2023-02-16','כ״ה שְׁבָט תשפ״ג','17:49:00',NULL,'שמואל ב ז'),(377,NULL,NULL,NULL,NULL,'2023-02-17',NULL,NULL,NULL,NULL),(378,NULL,NULL,NULL,NULL,'2023-02-18',NULL,NULL,NULL,NULL),(379,271,8,2,8,'2023-02-19','כ״ח שְׁבָט תשפ״ג','17:51:00',NULL,'שמואל ב ח'),(380,272,8,2,9,'2023-02-20','כ״ט שְׁבָט תשפ״ג','17:52:00',NULL,'שמואל ב ט'),(381,273,8,2,10,'2023-02-21','ל׳ שְׁבָט תשפ״ג','17:53:00',NULL,'שמואל ב י'),(382,274,8,2,11,'2023-02-22','א׳ אַדָר תשפ״ג','17:54:00',NULL,'שמואל ב יא'),(383,275,8,2,12,'2023-02-23','ב׳ אַדָר תשפ״ג','17:54:00',NULL,'שמואל ב יב'),(384,NULL,NULL,NULL,NULL,'2023-02-24',NULL,NULL,NULL,NULL),(385,NULL,NULL,NULL,NULL,'2023-02-25',NULL,NULL,NULL,NULL),(386,276,8,2,13,'2023-02-26','ה׳ אַדָר תשפ״ג','17:57:00',NULL,'שמואל ב יג'),(387,277,8,2,14,'2023-02-27','ו׳ אַדָר תשפ״ג','17:57:00',NULL,'שמואל ב יד'),(388,278,8,2,15,'2023-02-28','ז׳ אַדָר תשפ״ג','17:58:00',NULL,'שמואל ב טו'),(389,279,8,2,16,'2023-03-01','ח׳ אַדָר תשפ״ג','17:59:00',NULL,'שמואל ב טז'),(390,280,8,2,17,'2023-03-02','ט׳ אַדָר תשפ״ג','18:00:00',NULL,'שמואל ב יז'),(391,NULL,NULL,NULL,NULL,'2023-03-03',NULL,NULL,NULL,NULL),(392,NULL,NULL,NULL,NULL,'2023-03-04',NULL,NULL,NULL,NULL),(393,281,8,2,18,'2023-03-05','י״ב אַדָר תשפ״ג','18:02:00',NULL,'שמואל ב יח'),(394,282,8,2,19,'2023-03-06','י״ג אַדָר תשפ״ג','18:02:00',NULL,'שמואל ב יט'),(395,283,8,2,20,'2023-03-07','י״ד אַדָר תשפ״ג','18:03:00',NULL,'שמואל ב כ'),(396,284,8,2,21,'2023-03-08','ט״ו אַדָר תשפ״ג','18:04:00',NULL,'שמואל ב כא'),(397,285,8,2,22,'2023-03-09','ט״ז אַדָר תשפ״ג','18:05:00',NULL,'שמואל ב כב'),(398,NULL,NULL,NULL,NULL,'2023-03-10',NULL,NULL,NULL,NULL),(399,NULL,NULL,NULL,NULL,'2023-03-11',NULL,NULL,NULL,NULL),(400,286,8,2,23,'2023-03-12','י״ט אַדָר תשפ״ג','18:07:00',NULL,'שמואל ב כג'),(401,287,8,2,24,'2023-03-13','כ׳ אַדָר תשפ״ג','18:07:00',NULL,'שמואל ב כד'),(402,288,9,1,1,'2023-03-14','כ״א אַדָר תשפ״ג','18:08:00',NULL,'מלכים א א'),(403,289,9,1,2,'2023-03-15','כ״ב אַדָר תשפ״ג','18:09:00',NULL,'מלכים א ב'),(404,290,9,1,3,'2023-03-16','כ״ג אַדָר תשפ״ג','18:10:00',NULL,'מלכים א ג'),(405,NULL,NULL,NULL,NULL,'2023-03-17',NULL,NULL,NULL,NULL),(406,NULL,NULL,NULL,NULL,'2023-03-18',NULL,NULL,NULL,NULL),(407,291,9,1,4,'2023-03-19','כ״ו אַדָר תשפ״ג','18:12:00',NULL,'מלכים א ד'),(408,292,9,1,5,'2023-03-20','כ״ז אַדָר תשפ״ג','18:12:00',NULL,'מלכים א ה'),(409,293,9,1,6,'2023-03-21','כ״ח אַדָר תשפ״ג','18:13:00',NULL,'מלכים א ו'),(410,294,9,1,7,'2023-03-22','כ״ט אַדָר תשפ״ג','18:14:00',NULL,'מלכים א ז'),(411,295,9,1,8,'2023-03-23','א׳ נִיסָן תשפ״ג','18:14:00',NULL,'מלכים א ח'),(412,NULL,NULL,NULL,NULL,'2023-03-24',NULL,NULL,NULL,NULL),(413,NULL,NULL,NULL,NULL,'2023-03-25',NULL,NULL,NULL,NULL),(414,296,9,1,9,'2023-03-26','ד׳ נִיסָן תשפ״ג','19:16:00',NULL,'מלכים א ט'),(415,297,9,1,10,'2023-03-27','ה׳ נִיסָן תשפ״ג','19:17:00',NULL,'מלכים א י'),(416,298,9,1,11,'2023-03-28','ו׳ נִיסָן תשפ״ג','19:18:00',NULL,'מלכים א יא'),(417,299,9,1,12,'2023-03-29','ז׳ נִיסָן תשפ״ג','19:18:00',NULL,'מלכים א יב'),(418,300,9,1,13,'2023-03-30','ח׳ נִיסָן תשפ״ג','19:19:00',NULL,'מלכים א יג'),(419,NULL,NULL,NULL,NULL,'2023-03-31',NULL,NULL,NULL,NULL),(420,NULL,NULL,NULL,NULL,'2023-04-01',NULL,NULL,NULL,NULL),(421,301,9,1,14,'2023-04-02','י״א נִיסָן תשפ״ג','19:21:00',NULL,'מלכים א יד'),(422,302,9,1,15,'2023-04-03','י״ב נִיסָן תשפ״ג','19:22:00',NULL,'מלכים א טו'),(423,303,9,1,16,'2023-04-04','י״ג נִיסָן תשפ״ג','19:23:00',NULL,'מלכים א טז'),(424,304,9,1,17,'2023-04-05','י״ד נִיסָן תשפ״ג','19:23:00',NULL,'מלכים א יז'),(425,305,9,1,18,'2023-04-06','ט״ו נִיסָן תשפ״ג','19:24:00',NULL,'מלכים א יח'),(426,NULL,NULL,NULL,NULL,'2023-04-07',NULL,NULL,NULL,NULL),(427,NULL,NULL,NULL,NULL,'2023-04-08',NULL,NULL,NULL,NULL),(428,306,9,1,19,'2023-04-09','י״ח נִיסָן תשפ״ג','19:26:00',NULL,'מלכים א יט'),(429,307,9,1,20,'2023-04-10','י״ט נִיסָן תשפ״ג','19:27:00',NULL,'מלכים א כ'),(430,308,9,1,21,'2023-04-11','כ׳ נִיסָן תשפ״ג','19:28:00',NULL,'מלכים א כא'),(431,309,9,1,22,'2023-04-12','כ״א נִיסָן תשפ״ג','19:28:00',NULL,'מלכים א כב'),(432,310,9,2,1,'2023-04-13','כ״ב נִיסָן תשפ״ג','19:29:00',NULL,'מלכים ב א'),(433,NULL,NULL,NULL,NULL,'2023-04-14',NULL,NULL,NULL,NULL),(434,NULL,NULL,NULL,NULL,'2023-04-15',NULL,NULL,NULL,NULL),(435,311,9,2,2,'2023-04-16','כ״ה נִיסָן תשפ״ג','19:31:00',NULL,'מלכים ב ב'),(436,312,9,2,3,'2023-04-17','כ״ו נִיסָן תשפ״ג','19:32:00',NULL,'מלכים ב ג'),(437,313,9,2,4,'2023-04-18','כ״ז נִיסָן תשפ״ג','19:33:00',NULL,'מלכים ב ד'),(438,314,9,2,5,'2023-04-19','כ״ח נִיסָן תשפ״ג','19:33:00',NULL,'מלכים ב ה'),(439,315,9,2,6,'2023-04-20','כ״ט נִיסָן תשפ״ג','19:34:00',NULL,'מלכים ב ו'),(440,NULL,NULL,NULL,NULL,'2023-04-21',NULL,NULL,NULL,NULL),(441,NULL,NULL,NULL,NULL,'2023-04-22',NULL,NULL,NULL,NULL),(442,316,9,2,7,'2023-04-23','ב׳ אִיָיר תשפ״ג','19:36:00',NULL,'מלכים ב ז'),(443,317,9,2,8,'2023-04-24','ג׳ אִיָיר תשפ״ג','19:37:00',NULL,'מלכים ב ח'),(444,318,9,2,9,'2023-04-25','ד׳ אִיָיר תשפ״ג','19:38:00',NULL,'מלכים ב ט'),(445,319,9,2,10,'2023-04-26','ה׳ אִיָיר תשפ״ג','19:39:00',NULL,'מלכים ב י'),(446,320,9,2,11,'2023-04-27','ו׳ אִיָיר תשפ״ג','19:39:00',NULL,'מלכים ב יא'),(447,NULL,NULL,NULL,NULL,'2023-04-28',NULL,NULL,NULL,NULL),(448,NULL,NULL,NULL,NULL,'2023-04-29',NULL,NULL,NULL,NULL),(449,321,9,2,12,'2023-04-30','ט׳ אִיָיר תשפ״ג','19:42:00',NULL,'מלכים ב יב'),(450,322,9,2,13,'2023-05-01','י׳ אִיָיר תשפ״ג','19:42:00',NULL,'מלכים ב יג'),(451,323,9,2,14,'2023-05-02','י״א אִיָיר תשפ״ג','19:43:00',NULL,'מלכים ב יד'),(452,324,9,2,15,'2023-05-03','י״ב אִיָיר תשפ״ג','19:44:00',NULL,'מלכים ב טו'),(453,325,9,2,16,'2023-05-04','י״ג אִיָיר תשפ״ג','19:45:00',NULL,'מלכים ב טז'),(454,NULL,NULL,NULL,NULL,'2023-05-05',NULL,NULL,NULL,NULL),(455,NULL,NULL,NULL,NULL,'2023-05-06',NULL,NULL,NULL,NULL),(456,326,9,2,17,'2023-05-07','ט״ז אִיָיר תשפ״ג','19:47:00',NULL,'מלכים ב יז'),(457,327,9,2,18,'2023-05-08','י״ז אִיָיר תשפ״ג','19:48:00',NULL,'מלכים ב יח'),(458,328,9,2,19,'2023-05-09','י״ח אִיָיר תשפ״ג','19:48:00',NULL,'מלכים ב יט'),(459,329,9,2,20,'2023-05-10','י״ט אִיָיר תשפ״ג','19:49:00',NULL,'מלכים ב כ'),(460,330,9,2,21,'2023-05-11','כ׳ אִיָיר תשפ״ג','19:50:00',NULL,'מלכים ב כא'),(461,NULL,NULL,NULL,NULL,'2023-05-12',NULL,NULL,NULL,NULL),(462,NULL,NULL,NULL,NULL,'2023-05-13',NULL,NULL,NULL,NULL),(463,331,9,2,22,'2023-05-14','כ״ג אִיָיר תשפ״ג','19:52:00',NULL,'מלכים ב כב'),(464,332,9,2,23,'2023-05-15','כ״ד אִיָיר תשפ״ג','19:53:00',NULL,'מלכים ב כג'),(465,333,9,2,24,'2023-05-16','כ״ה אִיָיר תשפ״ג','19:54:00',NULL,'מלכים ב כד'),(466,334,9,2,25,'2023-05-17','כ״ו אִיָיר תשפ״ג','19:54:00',NULL,'מלכים ב כה'),(467,335,10,NULL,1,'2023-05-18','כ״ז אִיָיר תשפ״ג','19:55:00',NULL,'ישעיה א'),(468,NULL,NULL,NULL,NULL,'2023-05-19',NULL,NULL,NULL,NULL),(469,NULL,NULL,NULL,NULL,'2023-05-20',NULL,NULL,NULL,NULL),(470,336,10,NULL,2,'2023-05-21','א׳ סִיוָן תשפ״ג','19:57:00',NULL,'ישעיה ב'),(471,337,10,NULL,3,'2023-05-22','ב׳ סִיוָן תשפ״ג','19:58:00',NULL,'ישעיה ג'),(472,338,10,NULL,4,'2023-05-23','ג׳ סִיוָן תשפ״ג','19:59:00',NULL,'ישעיה ד'),(473,339,10,NULL,5,'2023-05-24','ד׳ סִיוָן תשפ״ג','19:59:00',NULL,'ישעיה ה'),(474,340,10,NULL,6,'2023-05-25','ה׳ סִיוָן תשפ״ג','20:00:00',NULL,'ישעיה ו'),(475,NULL,NULL,NULL,NULL,'2023-05-26',NULL,NULL,NULL,NULL),(476,NULL,NULL,NULL,NULL,'2023-05-27',NULL,NULL,NULL,NULL),(477,341,10,NULL,7,'2023-05-28','ח׳ סִיוָן תשפ״ג','20:02:00',NULL,'ישעיה ז'),(478,342,10,NULL,8,'2023-05-29','ט׳ סִיוָן תשפ״ג','20:03:00',NULL,'ישעיה ח'),(479,343,10,NULL,9,'2023-05-30','י׳ סִיוָן תשפ״ג','20:03:00',NULL,'ישעיה ט'),(480,344,10,NULL,10,'2023-05-31','י״א סִיוָן תשפ״ג','20:04:00',NULL,'ישעיה י'),(481,345,10,NULL,11,'2023-06-01','י״ב סִיוָן תשפ״ג','20:05:00',NULL,'ישעיה יא'),(482,NULL,NULL,NULL,NULL,'2023-06-02',NULL,NULL,NULL,NULL),(483,NULL,NULL,NULL,NULL,'2023-06-03',NULL,NULL,NULL,NULL),(484,346,10,NULL,12,'2023-06-04','ט״ו סִיוָן תשפ״ג','20:06:00',NULL,'ישעיה יב'),(485,347,10,NULL,13,'2023-06-05','ט״ז סִיוָן תשפ״ג','20:07:00',NULL,'ישעיה יג'),(486,348,10,NULL,14,'2023-06-06','י״ז סִיוָן תשפ״ג','20:07:00',NULL,'ישעיה יד'),(487,349,10,NULL,15,'2023-06-07','י״ח סִיוָן תשפ״ג','20:08:00',NULL,'ישעיה טו'),(488,350,10,NULL,16,'2023-06-08','י״ט סִיוָן תשפ״ג','20:08:00',NULL,'ישעיה טז'),(489,NULL,NULL,NULL,NULL,'2023-06-09',NULL,NULL,NULL,NULL),(490,NULL,NULL,NULL,NULL,'2023-06-10',NULL,NULL,NULL,NULL),(491,351,10,NULL,17,'2023-06-11','כ״ב סִיוָן תשפ״ג','20:10:00',NULL,'ישעיה יז'),(492,352,10,NULL,18,'2023-06-12','כ״ג סִיוָן תשפ״ג','20:10:00',NULL,'ישעיה יח'),(493,353,10,NULL,19,'2023-06-13','כ״ד סִיוָן תשפ״ג','20:11:00',NULL,'ישעיה יט'),(494,354,10,NULL,20,'2023-06-14','כ״ה סִיוָן תשפ״ג','20:11:00',NULL,'ישעיה כ'),(495,355,10,NULL,21,'2023-06-15','כ״ו סִיוָן תשפ״ג','20:11:00',NULL,'ישעיה כא'),(496,NULL,NULL,NULL,NULL,'2023-06-16',NULL,NULL,NULL,NULL),(497,NULL,NULL,NULL,NULL,'2023-06-17',NULL,NULL,NULL,NULL),(498,356,10,NULL,22,'2023-06-18','כ״ט סִיוָן תשפ״ג','20:12:00',NULL,'ישעיה כב'),(499,357,10,NULL,23,'2023-06-19','ל׳ סִיוָן תשפ״ג','20:13:00',NULL,'ישעיה כג'),(500,358,10,NULL,24,'2023-06-20','א׳ תַּמּוּז תשפ״ג','20:13:00',NULL,'ישעיה כד'),(501,359,10,NULL,25,'2023-06-21','ב׳ תַּמּוּז תשפ״ג','20:13:00',NULL,'ישעיה כה'),(502,360,10,NULL,26,'2023-06-22','ג׳ תַּמּוּז תשפ״ג','20:13:00',NULL,'ישעיה כו'),(503,NULL,NULL,NULL,NULL,'2023-06-23',NULL,NULL,NULL,NULL),(504,NULL,NULL,NULL,NULL,'2023-06-24',NULL,NULL,NULL,NULL),(505,361,10,NULL,27,'2023-06-25','ו׳ תַּמּוּז תשפ״ג','20:14:00',NULL,'ישעיה כז'),(506,362,10,NULL,28,'2023-06-26','ז׳ תַּמּוּז תשפ״ג','20:14:00',NULL,'ישעיה כח'),(507,363,10,NULL,29,'2023-06-27','ח׳ תַּמּוּז תשפ״ג','20:14:00',NULL,'ישעיה כט'),(508,364,10,NULL,30,'2023-06-28','ט׳ תַּמּוּז תשפ״ג','20:14:00',NULL,'ישעיה ל'),(509,365,10,NULL,31,'2023-06-29','י׳ תַּמּוּז תשפ״ג','20:14:00',NULL,'ישעיה לא'),(510,NULL,NULL,NULL,NULL,'2023-06-30',NULL,NULL,NULL,NULL),(511,NULL,NULL,NULL,NULL,'2023-07-01',NULL,NULL,NULL,NULL),(512,366,10,NULL,32,'2023-07-02','י״ג תַּמּוּז תשפ״ג','20:14:00',NULL,'ישעיה לב'),(513,367,10,NULL,33,'2023-07-03','י״ד תַּמּוּז תשפ״ג','20:14:00',NULL,'ישעיה לג'),(514,368,10,NULL,34,'2023-07-04','ט״ו תַּמּוּז תשפ״ג','20:14:00',NULL,'ישעיה לד'),(515,369,10,NULL,35,'2023-07-05','ט״ז תַּמּוּז תשפ״ג','20:14:00',NULL,'ישעיה לה'),(516,370,10,NULL,36,'2023-07-06','י״ז תַּמּוּז תשפ״ג','20:13:00',NULL,'ישעיה לו'),(517,NULL,NULL,NULL,NULL,'2023-07-07',NULL,NULL,NULL,NULL),(518,NULL,NULL,NULL,NULL,'2023-07-08',NULL,NULL,NULL,NULL),(519,371,10,NULL,37,'2023-07-09','כ׳ תַּמּוּז תשפ״ג','20:13:00',NULL,'ישעיה לז'),(520,372,10,NULL,38,'2023-07-10','כ״א תַּמּוּז תשפ״ג','20:13:00',NULL,'ישעיה לח'),(521,373,10,NULL,39,'2023-07-11','כ״ב תַּמּוּז תשפ״ג','20:12:00',NULL,'ישעיה לט'),(522,374,10,NULL,40,'2023-07-12','כ״ג תַּמּוּז תשפ״ג','20:12:00',NULL,'ישעיה מ'),(523,375,10,NULL,41,'2023-07-13','כ״ד תַּמּוּז תשפ״ג','20:12:00',NULL,'ישעיה מא'),(524,NULL,NULL,NULL,NULL,'2023-07-14',NULL,NULL,NULL,NULL),(525,NULL,NULL,NULL,NULL,'2023-07-15',NULL,NULL,NULL,NULL),(526,376,10,NULL,42,'2023-07-16','כ״ז תַּמּוּז תשפ״ג','20:10:00',NULL,'ישעיה מב'),(527,377,10,NULL,43,'2023-07-17','כ״ח תַּמּוּז תשפ״ג','20:10:00',NULL,'ישעיה מג'),(528,378,10,NULL,44,'2023-07-18','כ״ט תַּמּוּז תשפ״ג','20:09:00',NULL,'ישעיה מד'),(529,379,10,NULL,45,'2023-07-19','א׳ אָב תשפ״ג','20:09:00',NULL,'ישעיה מה'),(530,380,10,NULL,46,'2023-07-20','ב׳ אָב תשפ״ג','20:08:00',NULL,'ישעיה מו'),(531,NULL,NULL,NULL,NULL,'2023-07-21',NULL,NULL,NULL,NULL),(532,NULL,NULL,NULL,NULL,'2023-07-22',NULL,NULL,NULL,NULL),(533,381,10,NULL,47,'2023-07-23','ה׳ אָב תשפ״ג','20:07:00',NULL,'ישעיה מז'),(534,382,10,NULL,48,'2023-07-24','ו׳ אָב תשפ״ג','20:06:00',NULL,'ישעיה מח'),(535,383,10,NULL,49,'2023-07-25','ז׳ אָב תשפ״ג','20:05:00',NULL,'ישעיה מט'),(536,384,10,NULL,50,'2023-07-26','ח׳ אָב תשפ״ג','20:05:00',NULL,'ישעיה נ'),(537,385,10,NULL,51,'2023-07-27','ט׳ אָב תשפ״ג','20:04:00',NULL,'ישעיה נא'),(538,NULL,NULL,NULL,NULL,'2023-07-28',NULL,NULL,NULL,NULL),(539,NULL,NULL,NULL,NULL,'2023-07-29',NULL,NULL,NULL,NULL),(540,386,10,NULL,52,'2023-07-30','י״ב אָב תשפ״ג','20:02:00',NULL,'ישעיה נב'),(541,387,10,NULL,53,'2023-07-31','י״ג אָב תשפ״ג','20:01:00',NULL,'ישעיה נג'),(542,388,10,NULL,54,'2023-08-01','י״ד אָב תשפ״ג','20:00:00',NULL,'ישעיה נד'),(543,389,10,NULL,55,'2023-08-02','ט״ו אָב תשפ״ג','19:59:00',NULL,'ישעיה נה'),(544,390,10,NULL,56,'2023-08-03','ט״ז אָב תשפ״ג','19:58:00',NULL,'ישעיה נו'),(545,NULL,NULL,NULL,NULL,'2023-08-04',NULL,NULL,NULL,NULL),(546,NULL,NULL,NULL,NULL,'2023-08-05',NULL,NULL,NULL,NULL),(547,391,10,NULL,57,'2023-08-06','י״ט אָב תשפ״ג','19:56:00',NULL,'ישעיה נז'),(548,392,10,NULL,58,'2023-08-07','כ׳ אָב תשפ״ג','19:55:00',NULL,'ישעיה נח'),(549,393,10,NULL,59,'2023-08-08','כ״א אָב תשפ״ג','19:54:00',NULL,'ישעיה נט'),(550,394,10,NULL,60,'2023-08-09','כ״ב אָב תשפ״ג','19:53:00',NULL,'ישעיה ס'),(551,395,10,NULL,61,'2023-08-10','כ״ג אָב תשפ״ג','19:52:00',NULL,'ישעיה סא'),(552,NULL,NULL,NULL,NULL,'2023-08-11',NULL,NULL,NULL,NULL),(553,NULL,NULL,NULL,NULL,'2023-08-12',NULL,NULL,NULL,NULL),(554,396,10,NULL,62,'2023-08-13','כ״ו אָב תשפ״ג','19:49:00',NULL,'ישעיה סב'),(555,397,10,NULL,63,'2023-08-14','כ״ז אָב תשפ״ג','19:47:00',NULL,'ישעיה סג'),(556,398,10,NULL,64,'2023-08-15','כ״ח אָב תשפ״ג','19:46:00',NULL,'ישעיה סד'),(557,399,10,NULL,65,'2023-08-16','כ״ט אָב תשפ״ג','19:45:00',NULL,'ישעיה סה'),(558,400,10,NULL,66,'2023-08-17','ל׳ אָב תשפ״ג','19:44:00',NULL,'ישעיה סו'),(559,NULL,NULL,NULL,NULL,'2023-08-18',NULL,NULL,NULL,NULL),(560,NULL,NULL,NULL,NULL,'2023-08-19',NULL,NULL,NULL,NULL),(561,401,11,NULL,1,'2023-08-20','ג׳ אֱלוּל תשפ״ג','19:41:00',NULL,'ירמיה א'),(562,402,11,NULL,2,'2023-08-21','ד׳ אֱלוּל תשפ״ג','19:40:00',NULL,'ירמיה ב'),(563,403,11,NULL,3,'2023-08-22','ה׳ אֱלוּל תשפ״ג','19:38:00',NULL,'ירמיה ג'),(564,404,11,NULL,4,'2023-08-23','ו׳ אֱלוּל תשפ״ג','19:37:00',NULL,'ירמיה ד'),(565,405,11,NULL,5,'2023-08-24','ז׳ אֱלוּל תשפ״ג','19:36:00',NULL,'ירמיה ה'),(566,NULL,NULL,NULL,NULL,'2023-08-25',NULL,NULL,NULL,NULL),(567,NULL,NULL,NULL,NULL,'2023-08-26',NULL,NULL,NULL,NULL),(568,406,11,NULL,6,'2023-08-27','י׳ אֱלוּל תשפ״ג','19:32:00',NULL,'ירמיה ו'),(569,407,11,NULL,7,'2023-08-28','י״א אֱלוּל תשפ״ג','19:31:00',NULL,'ירמיה ז'),(570,408,11,NULL,8,'2023-08-29','י״ב אֱלוּל תשפ״ג','19:30:00',NULL,'ירמיה ח'),(571,409,11,NULL,9,'2023-08-30','י״ג אֱלוּל תשפ״ג','19:29:00',NULL,'ירמיה ט'),(572,410,11,NULL,10,'2023-08-31','י״ד אֱלוּל תשפ״ג','19:27:00',NULL,'ירמיה י'),(573,NULL,NULL,NULL,NULL,'2023-09-01',NULL,NULL,NULL,NULL),(574,NULL,NULL,NULL,NULL,'2023-09-02',NULL,NULL,NULL,NULL),(575,411,11,NULL,11,'2023-09-03','י״ז אֱלוּל תשפ״ג','19:23:00',NULL,'ירמיה יא'),(576,412,11,NULL,12,'2023-09-04','י״ח אֱלוּל תשפ״ג','19:22:00',NULL,'ירמיה יב'),(577,413,11,NULL,13,'2023-09-05','י״ט אֱלוּל תשפ״ג','19:21:00',NULL,'ירמיה יג'),(578,414,11,NULL,14,'2023-09-06','כ׳ אֱלוּל תשפ״ג','19:20:00',NULL,'ירמיה יד'),(579,415,11,NULL,15,'2023-09-07','כ״א אֱלוּל תשפ״ג','19:18:00',NULL,'ירמיה טו'),(580,NULL,NULL,NULL,NULL,'2023-09-08',NULL,NULL,NULL,NULL),(581,NULL,NULL,NULL,NULL,'2023-09-09',NULL,NULL,NULL,NULL),(582,416,11,NULL,16,'2023-09-10','כ״ד אֱלוּל תשפ״ג','19:14:00',NULL,'ירמיה טז'),(583,417,11,NULL,17,'2023-09-11','כ״ה אֱלוּל תשפ״ג','19:13:00',NULL,'ירמיה יז'),(584,418,11,NULL,18,'2023-09-12','כ״ו אֱלוּל תשפ״ג','19:12:00',NULL,'ירמיה יח'),(585,419,11,NULL,19,'2023-09-13','כ״ז אֱלוּל תשפ״ג','19:10:00',NULL,'ירמיה יט'),(586,420,11,NULL,20,'2023-09-14','כ״ח אֱלוּל תשפ״ג','19:09:00',NULL,'ירמיה כ'),(587,NULL,NULL,NULL,NULL,'2023-09-15',NULL,NULL,NULL,NULL),(588,NULL,NULL,NULL,NULL,'2023-09-16',NULL,NULL,NULL,NULL),(589,421,11,NULL,21,'2023-09-17','ב׳ תִשְׁרֵי תשפ״ד','19:05:00',NULL,'ירמיה כא'),(590,422,11,NULL,22,'2023-09-18','ג׳ תִשְׁרֵי תשפ״ד','19:04:00',NULL,'ירמיה כב'),(591,423,11,NULL,23,'2023-09-19','ד׳ תִשְׁרֵי תשפ״ד','19:02:00',NULL,'ירמיה כג'),(592,424,11,NULL,24,'2023-09-20','ה׳ תִשְׁרֵי תשפ״ד','19:01:00',NULL,'ירמיה כד'),(593,425,11,NULL,25,'2023-09-21','ו׳ תִשְׁרֵי תשפ״ד','19:00:00',NULL,'ירמיה כה'),(594,NULL,NULL,NULL,NULL,'2023-09-22',NULL,NULL,NULL,NULL),(595,NULL,NULL,NULL,NULL,'2023-09-23',NULL,NULL,NULL,NULL),(596,426,11,NULL,26,'2023-09-24','ט׳ תִשְׁרֵי תשפ״ד','18:56:00',NULL,'ירמיה כו'),(597,427,11,NULL,27,'2023-09-25','י׳ תִשְׁרֵי תשפ״ד','18:54:00',NULL,'ירמיה כז'),(598,428,11,NULL,28,'2023-09-26','י״א תִשְׁרֵי תשפ״ד','18:53:00',NULL,'ירמיה כח'),(599,429,11,NULL,29,'2023-09-27','י״ב תִשְׁרֵי תשפ״ד','18:52:00',NULL,'ירמיה כט'),(600,430,11,NULL,30,'2023-09-28','י״ג תִשְׁרֵי תשפ״ד','18:51:00',NULL,'ירמיה ל'),(601,NULL,NULL,NULL,NULL,'2023-09-29',NULL,NULL,NULL,NULL),(602,NULL,NULL,NULL,NULL,'2023-09-30',NULL,NULL,NULL,NULL),(603,431,11,NULL,31,'2023-10-01','ט״ז תִשְׁרֵי תשפ״ד','18:47:00',NULL,'ירמיה לא'),(604,432,11,NULL,32,'2023-10-02','י״ז תִשְׁרֵי תשפ״ד','18:45:00',NULL,'ירמיה לב'),(605,433,11,NULL,33,'2023-10-03','י״ח תִשְׁרֵי תשפ״ד','18:44:00',NULL,'ירמיה לג'),(606,434,11,NULL,34,'2023-10-04','י״ט תִשְׁרֵי תשפ״ד','18:43:00',NULL,'ירמיה לד'),(607,435,11,NULL,35,'2023-10-05','כ׳ תִשְׁרֵי תשפ״ד','18:42:00',NULL,'ירמיה לה'),(608,NULL,NULL,NULL,NULL,'2023-10-06',NULL,NULL,NULL,NULL),(609,NULL,NULL,NULL,NULL,'2023-10-07',NULL,NULL,NULL,NULL),(610,436,11,NULL,36,'2023-10-08','כ״ג תִשְׁרֵי תשפ״ד','18:38:00',NULL,'ירמיה לו'),(611,437,11,NULL,37,'2023-10-09','כ״ד תִשְׁרֵי תשפ״ד','18:37:00',NULL,'ירמיה לז'),(612,438,11,NULL,38,'2023-10-10','כ״ה תִשְׁרֵי תשפ״ד','18:35:00',NULL,'ירמיה לח'),(613,439,11,NULL,39,'2023-10-11','כ״ו תִשְׁרֵי תשפ״ד','18:34:00',NULL,'ירמיה לט'),(614,440,11,NULL,40,'2023-10-12','כ״ז תִשְׁרֵי תשפ״ד','18:33:00',NULL,'ירמיה מ'),(615,NULL,NULL,NULL,NULL,'2023-10-13',NULL,NULL,NULL,NULL),(616,NULL,NULL,NULL,NULL,'2023-10-14',NULL,NULL,NULL,NULL),(617,441,11,NULL,41,'2023-10-15','ל׳ תִשְׁרֵי תשפ״ד','18:30:00',NULL,'ירמיה מא'),(618,442,11,NULL,42,'2023-10-16','א׳ חֶשְׁוָן תשפ״ד','18:29:00',NULL,'ירמיה מב'),(619,443,11,NULL,43,'2023-10-17','ב׳ חֶשְׁוָן תשפ״ד','18:27:00',NULL,'ירמיה מג'),(620,444,11,NULL,44,'2023-10-18','ג׳ חֶשְׁוָן תשפ״ד','18:26:00',NULL,'ירמיה מד'),(621,445,11,NULL,45,'2023-10-19','ד׳ חֶשְׁוָן תשפ״ד','18:25:00',NULL,'ירמיה מה'),(622,NULL,NULL,NULL,NULL,'2023-10-20',NULL,NULL,NULL,NULL),(623,NULL,NULL,NULL,NULL,'2023-10-21',NULL,NULL,NULL,NULL),(624,446,11,NULL,46,'2023-10-22','ז׳ חֶשְׁוָן תשפ״ד','18:22:00',NULL,'ירמיה מו'),(625,447,11,NULL,47,'2023-10-23','ח׳ חֶשְׁוָן תשפ״ד','18:21:00',NULL,'ירמיה מז'),(626,448,11,NULL,48,'2023-10-24','ט׳ חֶשְׁוָן תשפ״ד','18:20:00',NULL,'ירמיה מח'),(627,449,11,NULL,49,'2023-10-25','י׳ חֶשְׁוָן תשפ״ד','18:19:00',NULL,'ירמיה מט'),(628,450,11,NULL,50,'2023-10-26','י״א חֶשְׁוָן תשפ״ד','18:18:00',NULL,'ירמיה נ'),(629,NULL,NULL,NULL,NULL,'2023-10-27',NULL,NULL,NULL,NULL),(630,NULL,NULL,NULL,NULL,'2023-10-28',NULL,NULL,NULL,NULL),(631,451,11,NULL,51,'2023-10-29','י״ד חֶשְׁוָן תשפ״ד','17:15:00',NULL,'ירמיה נא'),(632,452,11,NULL,52,'2023-10-30','ט״ו חֶשְׁוָן תשפ״ד','17:14:00',NULL,'ירמיה נב'),(633,453,12,NULL,1,'2023-10-31','ט״ז חֶשְׁוָן תשפ״ד','17:14:00',NULL,'יחזקאל א'),(634,454,12,NULL,2,'2023-11-01','י״ז חֶשְׁוָן תשפ״ד','17:13:00',NULL,'יחזקאל ב'),(635,455,12,NULL,3,'2023-11-02','י״ח חֶשְׁוָן תשפ״ד','17:12:00',NULL,'יחזקאל ג'),(636,NULL,NULL,NULL,NULL,'2023-11-03',NULL,NULL,NULL,NULL),(637,NULL,NULL,NULL,NULL,'2023-11-04',NULL,NULL,NULL,NULL),(638,456,12,NULL,4,'2023-11-05','כ״א חֶשְׁוָן תשפ״ד','17:10:00',NULL,'יחזקאל ד'),(639,457,12,NULL,5,'2023-11-06','כ״ב חֶשְׁוָן תשפ״ד','17:09:00',NULL,'יחזקאל ה'),(640,458,12,NULL,6,'2023-11-07','כ״ג חֶשְׁוָן תשפ״ד','17:08:00',NULL,'יחזקאל ו'),(641,459,12,NULL,7,'2023-11-08','כ״ד חֶשְׁוָן תשפ״ד','17:07:00',NULL,'יחזקאל ז'),(642,460,12,NULL,8,'2023-11-09','כ״ה חֶשְׁוָן תשפ״ד','17:07:00',NULL,'יחזקאל ח'),(643,NULL,NULL,NULL,NULL,'2023-11-10',NULL,NULL,NULL,NULL),(644,NULL,NULL,NULL,NULL,'2023-11-11',NULL,NULL,NULL,NULL),(645,461,12,NULL,9,'2023-11-12','כ״ח חֶשְׁוָן תשפ״ד','17:05:00',NULL,'יחזקאל ט'),(646,462,12,NULL,10,'2023-11-13','כ״ט חֶשְׁוָן תשפ״ד','17:04:00',NULL,'יחזקאל י'),(647,463,12,NULL,11,'2023-11-14','א׳ כִּסְלֵו תשפ״ד','17:04:00',NULL,'יחזקאל יא'),(648,464,12,NULL,12,'2023-11-15','ב׳ כִּסְלֵו תשפ״ד','17:03:00',NULL,'יחזקאל יב'),(649,465,12,NULL,13,'2023-11-16','ג׳ כִּסְלֵו תשפ״ד','17:03:00',NULL,'יחזקאל יג'),(650,NULL,NULL,NULL,NULL,'2023-11-17',NULL,NULL,NULL,NULL),(651,NULL,NULL,NULL,NULL,'2023-11-18',NULL,NULL,NULL,NULL),(652,466,12,NULL,14,'2023-11-19','ו׳ כִּסְלֵו תשפ״ד','17:02:00',NULL,'יחזקאל יד'),(653,467,12,NULL,15,'2023-11-20','ז׳ כִּסְלֵו תשפ״ד','17:01:00',NULL,'יחזקאל טו'),(654,468,12,NULL,16,'2023-11-21','ח׳ כִּסְלֵו תשפ״ד','17:01:00',NULL,'יחזקאל טז'),(655,469,12,NULL,17,'2023-11-22','ט׳ כִּסְלֵו תשפ״ד','17:01:00',NULL,'יחזקאל יז'),(656,470,12,NULL,18,'2023-11-23','י׳ כִּסְלֵו תשפ״ד','17:00:00',NULL,'יחזקאל יח'),(657,NULL,NULL,NULL,NULL,'2023-11-24',NULL,NULL,NULL,NULL),(658,NULL,NULL,NULL,NULL,'2023-11-25',NULL,NULL,NULL,NULL),(659,471,12,NULL,19,'2023-11-26','י״ג כִּסְלֵו תשפ״ד','17:00:00',NULL,'יחזקאל יט'),(660,472,12,NULL,20,'2023-11-27','י״ד כִּסְלֵו תשפ״ד','16:59:00',NULL,'יחזקאל כ'),(661,473,12,NULL,21,'2023-11-28','ט״ו כִּסְלֵו תשפ״ד','16:59:00',NULL,'יחזקאל כא'),(662,474,12,NULL,22,'2023-11-29','ט״ז כִּסְלֵו תשפ״ד','16:59:00',NULL,'יחזקאל כב'),(663,475,12,NULL,23,'2023-11-30','י״ז כִּסְלֵו תשפ״ד','16:59:00',NULL,'יחזקאל כג'),(664,NULL,NULL,NULL,NULL,'2023-12-01',NULL,NULL,NULL,NULL),(665,NULL,NULL,NULL,NULL,'2023-12-02',NULL,NULL,NULL,NULL),(666,476,12,NULL,24,'2023-12-03','כ׳ כִּסְלֵו תשפ״ד','16:59:00',NULL,'יחזקאל כד'),(667,477,12,NULL,25,'2023-12-04','כ״א כִּסְלֵו תשפ״ד','16:59:00',NULL,'יחזקאל כה'),(668,478,12,NULL,26,'2023-12-05','כ״ב כִּסְלֵו תשפ״ד','16:59:00',NULL,'יחזקאל כו'),(669,479,12,NULL,27,'2023-12-06','כ״ג כִּסְלֵו תשפ״ד','16:59:00',NULL,'יחזקאל כז'),(670,480,12,NULL,28,'2023-12-07','כ״ד כִּסְלֵו תשפ״ד','16:59:00',NULL,'יחזקאל כח'),(671,NULL,NULL,NULL,NULL,'2023-12-08',NULL,NULL,NULL,NULL),(672,NULL,NULL,NULL,NULL,'2023-12-09',NULL,NULL,NULL,NULL),(673,481,12,NULL,29,'2023-12-10','כ״ז כִּסְלֵו תשפ״ד','17:00:00',NULL,'יחזקאל כט'),(674,482,12,NULL,30,'2023-12-11','כ״ח כִּסְלֵו תשפ״ד','17:00:00',NULL,'יחזקאל ל'),(675,483,12,NULL,31,'2023-12-12','כ״ט כִּסְלֵו תשפ״ד','17:00:00',NULL,'יחזקאל לא'),(676,484,12,NULL,32,'2023-12-13','א׳ טֵבֵת תשפ״ד','17:01:00',NULL,'יחזקאל לב'),(677,485,12,NULL,33,'2023-12-14','ב׳ טֵבֵת תשפ״ד','17:01:00',NULL,'יחזקאל לג'),(678,NULL,NULL,NULL,NULL,'2023-12-15',NULL,NULL,NULL,NULL),(679,NULL,NULL,NULL,NULL,'2023-12-16',NULL,NULL,NULL,NULL),(680,486,12,NULL,34,'2023-12-17','ה׳ טֵבֵת תשפ״ד','17:02:00',NULL,'יחזקאל לד'),(681,487,12,NULL,35,'2023-12-18','ו׳ טֵבֵת תשפ״ד','17:02:00',NULL,'יחזקאל לה'),(682,488,12,NULL,36,'2023-12-19','ז׳ טֵבֵת תשפ״ד','17:03:00',NULL,'יחזקאל לו'),(683,489,12,NULL,37,'2023-12-20','ח׳ טֵבֵת תשפ״ד','17:03:00',NULL,'יחזקאל לז'),(684,490,12,NULL,38,'2023-12-21','ט׳ טֵבֵת תשפ״ד','17:04:00',NULL,'יחזקאל לח'),(685,NULL,NULL,NULL,NULL,'2023-12-22',NULL,NULL,NULL,NULL),(686,NULL,NULL,NULL,NULL,'2023-12-23',NULL,NULL,NULL,NULL),(687,491,12,NULL,39,'2023-12-24','י״ב טֵבֵת תשפ״ד','17:05:00',NULL,'יחזקאל לט'),(688,492,12,NULL,40,'2023-12-25','י״ג טֵבֵת תשפ״ד','17:06:00',NULL,'יחזקאל מ'),(689,493,12,NULL,41,'2023-12-26','י״ד טֵבֵת תשפ״ד','17:06:00',NULL,'יחזקאל מא'),(690,494,12,NULL,42,'2023-12-27','ט״ו טֵבֵת תשפ״ד','17:07:00',NULL,'יחזקאל מב'),(691,495,12,NULL,43,'2023-12-28','ט״ז טֵבֵת תשפ״ד','17:08:00',NULL,'יחזקאל מג'),(692,NULL,NULL,NULL,NULL,'2023-12-29',NULL,NULL,NULL,NULL),(693,NULL,NULL,NULL,NULL,'2023-12-30',NULL,NULL,NULL,NULL),(694,496,12,NULL,44,'2023-12-31','י״ט טֵבֵת תשפ״ד','17:10:00',NULL,'יחזקאל מד'),(695,497,12,NULL,45,'2024-01-01','כ׳ טֵבֵת תשפ״ד','17:10:00',NULL,'יחזקאל מה'),(696,498,12,NULL,46,'2024-01-02','כ״א טֵבֵת תשפ״ד','17:11:00',NULL,'יחזקאל מו'),(697,499,12,NULL,47,'2024-01-03','כ״ב טֵבֵת תשפ״ד','17:12:00',NULL,'יחזקאל מז'),(698,500,12,NULL,48,'2024-01-04','כ״ג טֵבֵת תשפ״ד','17:12:00',NULL,'יחזקאל מח'),(699,NULL,NULL,NULL,NULL,'2024-01-05',NULL,NULL,NULL,NULL),(700,NULL,NULL,NULL,NULL,'2024-01-06',NULL,NULL,NULL,NULL),(701,501,13,NULL,1,'2024-01-07','כ״ו טֵבֵת תשפ״ד','17:15:00',NULL,'הושע א'),(702,502,13,NULL,2,'2024-01-08','כ״ז טֵבֵת תשפ״ד','17:15:00',NULL,'הושע ב'),(703,503,13,NULL,3,'2024-01-09','כ״ח טֵבֵת תשפ״ד','17:16:00',NULL,'הושע ג'),(704,504,13,NULL,4,'2024-01-10','כ״ט טֵבֵת תשפ״ד','17:17:00',NULL,'הושע ד'),(705,505,13,NULL,5,'2024-01-11','א׳ שְׁבָט תשפ״ד','17:18:00',NULL,'הושע ה'),(706,NULL,NULL,NULL,NULL,'2024-01-12',NULL,NULL,NULL,NULL),(707,NULL,NULL,NULL,NULL,'2024-01-13',NULL,NULL,NULL,NULL),(708,506,13,NULL,6,'2024-01-14','ד׳ שְׁבָט תשפ״ד','17:20:00',NULL,'הושע ו'),(709,507,13,NULL,7,'2024-01-15','ה׳ שְׁבָט תשפ״ד','17:21:00',NULL,'הושע ז'),(710,508,13,NULL,8,'2024-01-16','ו׳ שְׁבָט תשפ״ד','17:22:00',NULL,'הושע ח'),(711,509,13,NULL,9,'2024-01-17','ז׳ שְׁבָט תשפ״ד','17:23:00',NULL,'הושע ט'),(712,510,13,NULL,10,'2024-01-18','ח׳ שְׁבָט תשפ״ד','17:24:00',NULL,'הושע י'),(713,NULL,NULL,NULL,NULL,'2024-01-19',NULL,NULL,NULL,NULL),(714,NULL,NULL,NULL,NULL,'2024-01-20',NULL,NULL,NULL,NULL),(715,511,13,NULL,11,'2024-01-21','י״א שְׁבָט תשפ״ד','17:26:00',NULL,'הושע יא'),(716,512,13,NULL,12,'2024-01-22','י״ב שְׁבָט תשפ״ד','17:27:00',NULL,'הושע יב'),(717,513,13,NULL,13,'2024-01-23','י״ג שְׁבָט תשפ״ד','17:28:00',NULL,'הושע יג'),(718,514,13,NULL,14,'2024-01-24','י״ד שְׁבָט תשפ״ד','17:29:00',NULL,'הושע יד'),(719,515,14,NULL,1,'2024-01-25','ט״ו שְׁבָט תשפ״ד','17:30:00',NULL,'יואל א'),(720,NULL,NULL,NULL,NULL,'2024-01-26',NULL,NULL,NULL,NULL),(721,NULL,NULL,NULL,NULL,'2024-01-27',NULL,NULL,NULL,NULL),(722,516,14,NULL,2,'2024-01-28','י״ח שְׁבָט תשפ״ד','17:32:00',NULL,'יואל ב'),(723,517,14,NULL,3,'2024-01-29','י״ט שְׁבָט תשפ״ד','17:33:00',NULL,'יואל ג'),(724,518,14,NULL,4,'2024-01-30','כ׳ שְׁבָט תשפ״ד','17:34:00',NULL,'יואל ד'),(725,519,15,NULL,1,'2024-01-31','כ״א שְׁבָט תשפ״ד','17:35:00',NULL,'עמוס א'),(726,520,15,NULL,2,'2024-02-01','כ״ב שְׁבָט תשפ״ד','17:36:00',NULL,'עמוס ב'),(727,NULL,NULL,NULL,NULL,'2024-02-02',NULL,NULL,NULL,NULL),(728,NULL,NULL,NULL,NULL,'2024-02-03',NULL,NULL,NULL,NULL),(729,521,15,NULL,3,'2024-02-04','כ״ה שְׁבָט תשפ״ד','17:39:00',NULL,'עמוס ג'),(730,522,15,NULL,4,'2024-02-05','כ״ו שְׁבָט תשפ״ד','17:39:00',NULL,'עמוס ד'),(731,523,15,NULL,5,'2024-02-06','כ״ז שְׁבָט תשפ״ד','17:40:00',NULL,'עמוס ה'),(732,524,15,NULL,6,'2024-02-07','כ״ח שְׁבָט תשפ״ד','17:41:00',NULL,'עמוס ו'),(733,525,15,NULL,7,'2024-02-08','כ״ט שְׁבָט תשפ״ד','17:42:00',NULL,'עמוס ז'),(734,NULL,NULL,NULL,NULL,'2024-02-09',NULL,NULL,NULL,NULL),(735,NULL,NULL,NULL,NULL,'2024-02-10',NULL,NULL,NULL,NULL),(736,526,15,NULL,8,'2024-02-11','ב׳ אַדָר א׳ תשפ״ד','17:44:00',NULL,'עמוס ח'),(737,527,15,NULL,9,'2024-02-12','ג׳ אַדָר א׳ תשפ״ד','17:45:00',NULL,'עמוס ט'),(738,528,16,NULL,1,'2024-02-13','ד׳ אַדָר א׳ תשפ״ד','17:46:00',NULL,'עובדיה א'),(739,529,17,NULL,1,'2024-02-14','ה׳ אַדָר א׳ תשפ״ד','17:47:00',NULL,'יונה א'),(740,530,17,NULL,2,'2024-02-15','ו׳ אַדָר א׳ תשפ״ד','17:48:00',NULL,'יונה ב'),(741,NULL,NULL,NULL,NULL,'2024-02-16',NULL,NULL,NULL,NULL),(742,NULL,NULL,NULL,NULL,'2024-02-17',NULL,NULL,NULL,NULL),(743,531,17,NULL,3,'2024-02-18','ט׳ אַדָר א׳ תשפ״ד','17:50:00',NULL,'יונה ג'),(744,532,17,NULL,4,'2024-02-19','י׳ אַדָר א׳ תשפ״ד','17:51:00',NULL,'יונה ד'),(745,533,18,NULL,1,'2024-02-20','י״א אַדָר א׳ תשפ״ד','17:52:00',NULL,'מיכה א'),(746,534,18,NULL,2,'2024-02-21','י״ב אַדָר א׳ תשפ״ד','17:53:00',NULL,'מיכה ב'),(747,535,18,NULL,3,'2024-02-22','י״ג אַדָר א׳ תשפ״ד','17:53:00',NULL,'מיכה ג'),(748,NULL,NULL,NULL,NULL,'2024-02-23',NULL,NULL,NULL,NULL),(749,NULL,NULL,NULL,NULL,'2024-02-24',NULL,NULL,NULL,NULL),(750,536,18,NULL,4,'2024-02-25','ט״ז אַדָר א׳ תשפ״ד','17:56:00',NULL,'מיכה ד'),(751,537,18,NULL,5,'2024-02-26','י״ז אַדָר א׳ תשפ״ד','17:56:00',NULL,'מיכה ה'),(752,538,18,NULL,6,'2024-02-27','י״ח אַדָר א׳ תשפ״ד','17:57:00',NULL,'מיכה ו'),(753,539,18,NULL,7,'2024-02-28','י״ט אַדָר א׳ תשפ״ד','17:58:00',NULL,'מיכה ז'),(754,540,19,NULL,1,'2024-02-29','כ׳ אַדָר א׳ תשפ״ד','17:59:00',NULL,'נחום א'),(755,NULL,NULL,NULL,NULL,'2024-03-01',NULL,NULL,NULL,NULL),(756,NULL,NULL,NULL,NULL,'2024-03-02',NULL,NULL,NULL,NULL),(757,541,19,NULL,2,'2024-03-03','כ״ג אַדָר א׳ תשפ״ד','18:01:00',NULL,'נחום ב'),(758,542,19,NULL,3,'2024-03-04','כ״ד אַדָר א׳ תשפ״ד','18:02:00',NULL,'נחום ג'),(759,543,20,NULL,1,'2024-03-05','כ״ה אַדָר א׳ תשפ״ד','18:02:00',NULL,'חבקוק א'),(760,544,20,NULL,2,'2024-03-06','כ״ו אַדָר א׳ תשפ״ד','18:03:00',NULL,'חבקוק ב'),(761,545,20,NULL,3,'2024-03-07','כ״ז אַדָר א׳ תשפ״ד','18:04:00',NULL,'חבקוק ג'),(762,NULL,NULL,NULL,NULL,'2024-03-08',NULL,NULL,NULL,NULL),(763,NULL,NULL,NULL,NULL,'2024-03-09',NULL,NULL,NULL,NULL),(764,546,21,NULL,1,'2024-03-10','ל׳ אַדָר א׳ תשפ״ד','18:06:00',NULL,'צפניה א'),(765,547,21,NULL,2,'2024-03-11','א׳ אַדָר ב׳ תשפ״ד','18:07:00',NULL,'צפניה ב'),(766,548,21,NULL,3,'2024-03-12','ב׳ אַדָר ב׳ תשפ״ד','18:07:00',NULL,'צפניה ג'),(767,549,22,NULL,1,'2024-03-13','ג׳ אַדָר ב׳ תשפ״ד','18:08:00',NULL,'חגי א'),(768,550,22,NULL,2,'2024-03-14','ד׳ אַדָר ב׳ תשפ״ד','18:09:00',NULL,'חגי ב'),(769,NULL,NULL,NULL,NULL,'2024-03-15',NULL,NULL,NULL,NULL),(770,NULL,NULL,NULL,NULL,'2024-03-16',NULL,NULL,NULL,NULL),(771,551,23,NULL,1,'2024-03-17','ז׳ אַדָר ב׳ תשפ״ד','18:11:00',NULL,'זכריה א'),(772,552,23,NULL,2,'2024-03-18','ח׳ אַדָר ב׳ תשפ״ד','18:11:00',NULL,'זכריה ב'),(773,553,23,NULL,3,'2024-03-19','ט׳ אַדָר ב׳ תשפ״ד','18:12:00',NULL,'זכריה ג'),(774,554,23,NULL,4,'2024-03-20','י׳ אַדָר ב׳ תשפ״ד','18:13:00',NULL,'זכריה ד'),(775,555,23,NULL,5,'2024-03-21','י״א אַדָר ב׳ תשפ״ד','18:13:00',NULL,'זכריה ה'),(776,NULL,NULL,NULL,NULL,'2024-03-22',NULL,NULL,NULL,NULL),(777,NULL,NULL,NULL,NULL,'2024-03-23',NULL,NULL,NULL,NULL),(778,556,23,NULL,6,'2024-03-24','י״ד אַדָר ב׳ תשפ״ד','18:16:00',NULL,'זכריה ו'),(779,557,23,NULL,7,'2024-03-25','ט״ו אַדָר ב׳ תשפ״ד','18:16:00',NULL,'זכריה ז'),(780,558,23,NULL,8,'2024-03-26','ט״ז אַדָר ב׳ תשפ״ד','18:17:00',NULL,'זכריה ח'),(781,559,23,NULL,9,'2024-03-27','י״ז אַדָר ב׳ תשפ״ד','18:18:00',NULL,'זכריה ט'),(782,560,23,NULL,10,'2024-03-28','י״ח אַדָר ב׳ תשפ״ד','18:18:00',NULL,'זכריה י'),(783,NULL,NULL,NULL,NULL,'2024-03-29',NULL,NULL,NULL,NULL),(784,NULL,NULL,NULL,NULL,'2024-03-30',NULL,NULL,NULL,NULL),(785,561,23,NULL,11,'2024-03-31','כ״א אַדָר ב׳ תשפ״ד','19:20:00',NULL,'זכריה יא'),(786,562,23,NULL,12,'2024-04-01','כ״ב אַדָר ב׳ תשפ״ד','19:21:00',NULL,'זכריה יב'),(787,563,23,NULL,13,'2024-04-02','כ״ג אַדָר ב׳ תשפ״ד','19:22:00',NULL,'זכריה יג'),(788,564,23,NULL,14,'2024-04-03','כ״ד אַדָר ב׳ תשפ״ד','19:22:00',NULL,'זכריה יד'),(789,565,24,NULL,1,'2024-04-04','כ״ה אַדָר ב׳ תשפ״ד','19:23:00',NULL,'מלאכי א'),(790,NULL,NULL,NULL,NULL,'2024-04-05',NULL,NULL,NULL,NULL),(791,NULL,NULL,NULL,NULL,'2024-04-06',NULL,NULL,NULL,NULL),(792,566,24,NULL,2,'2024-04-07','כ״ח אַדָר ב׳ תשפ״ד','19:25:00',NULL,'מלאכי ב'),(793,567,24,NULL,3,'2024-04-08','כ״ט אַדָר ב׳ תשפ״ד','19:26:00',NULL,'מלאכי ג'),(794,568,25,NULL,1,'2024-04-09','א׳ נִיסָן תשפ״ד','19:27:00',NULL,'תהילים א'),(795,569,25,NULL,2,'2024-04-10','ב׳ נִיסָן תשפ״ד','19:27:00',NULL,'תהילים ב'),(796,570,25,NULL,3,'2024-04-11','ג׳ נִיסָן תשפ״ד','19:28:00',NULL,'תהילים ג'),(797,NULL,NULL,NULL,NULL,'2024-04-12',NULL,NULL,NULL,NULL),(798,NULL,NULL,NULL,NULL,'2024-04-13',NULL,NULL,NULL,NULL),(799,571,25,NULL,4,'2024-04-14','ו׳ נִיסָן תשפ״ד','19:30:00',NULL,'תהילים ד'),(800,572,25,NULL,5,'2024-04-15','ז׳ נִיסָן תשפ״ד','19:31:00',NULL,'תהילים ה'),(801,573,25,NULL,6,'2024-04-16','ח׳ נִיסָן תשפ״ד','19:32:00',NULL,'תהילים ו'),(802,574,25,NULL,7,'2024-04-17','ט׳ נִיסָן תשפ״ד','19:32:00',NULL,'תהילים ז'),(803,575,25,NULL,8,'2024-04-18','י׳ נִיסָן תשפ״ד','19:33:00',NULL,'תהילים ח'),(804,NULL,NULL,NULL,NULL,'2024-04-19',NULL,NULL,NULL,NULL),(805,NULL,NULL,NULL,NULL,'2024-04-20',NULL,NULL,NULL,NULL),(806,576,25,NULL,9,'2024-04-21','י״ג נִיסָן תשפ״ד','19:35:00',NULL,'תהילים ט'),(807,577,25,NULL,10,'2024-04-22','י״ד נִיסָן תשפ״ד','19:36:00',NULL,'תהילים י'),(808,578,25,NULL,11,'2024-04-23','ט״ו נִיסָן תשפ״ד','19:37:00',NULL,'תהילים יא'),(809,579,25,NULL,12,'2024-04-24','ט״ז נִיסָן תשפ״ד','19:38:00',NULL,'תהילים יב'),(810,580,25,NULL,13,'2024-04-25','י״ז נִיסָן תשפ״ד','19:38:00',NULL,'תהילים יג'),(811,NULL,NULL,NULL,NULL,'2024-04-26',NULL,NULL,NULL,NULL),(812,NULL,NULL,NULL,NULL,'2024-04-27',NULL,NULL,NULL,NULL),(813,581,25,NULL,14,'2024-04-28','כ׳ נִיסָן תשפ״ד','19:41:00',NULL,'תהילים יד'),(814,582,25,NULL,15,'2024-04-29','כ״א נִיסָן תשפ״ד','19:41:00',NULL,'תהילים טו'),(815,583,25,NULL,16,'2024-04-30','כ״ב נִיסָן תשפ״ד','19:42:00',NULL,'תהילים טז'),(816,584,25,NULL,17,'2024-05-01','כ״ג נִיסָן תשפ״ד','19:43:00',NULL,'תהילים יז'),(817,585,25,NULL,18,'2024-05-02','כ״ד נִיסָן תשפ״ד','19:44:00',NULL,'תהילים יח'),(818,NULL,NULL,NULL,NULL,'2024-05-03',NULL,NULL,NULL,NULL),(819,NULL,NULL,NULL,NULL,'2024-05-04',NULL,NULL,NULL,NULL),(820,586,25,NULL,19,'2024-05-05','כ״ז נִיסָן תשפ״ד','19:46:00',NULL,'תהילים יט'),(821,587,25,NULL,20,'2024-05-06','כ״ח נִיסָן תשפ״ד','19:47:00',NULL,'תהילים כ'),(822,588,25,NULL,21,'2024-05-07','כ״ט נִיסָן תשפ״ד','19:47:00',NULL,'תהילים כא'),(823,589,25,NULL,22,'2024-05-08','ל׳ נִיסָן תשפ״ד','19:48:00',NULL,'תהילים כב'),(824,590,25,NULL,23,'2024-05-09','א׳ אִיָיר תשפ״ד','19:49:00',NULL,'תהילים כג'),(825,NULL,NULL,NULL,NULL,'2024-05-10',NULL,NULL,NULL,NULL),(826,NULL,NULL,NULL,NULL,'2024-05-11',NULL,NULL,NULL,NULL),(827,591,25,NULL,24,'2024-05-12','ד׳ אִיָיר תשפ״ד','19:51:00',NULL,'תהילים כד'),(828,592,25,NULL,25,'2024-05-13','ה׳ אִיָיר תשפ״ד','19:52:00',NULL,'תהילים כה'),(829,593,25,NULL,26,'2024-05-14','ו׳ אִיָיר תשפ״ד','19:53:00',NULL,'תהילים כו'),(830,594,25,NULL,27,'2024-05-15','ז׳ אִיָיר תשפ״ד','19:53:00',NULL,'תהילים כז'),(831,595,25,NULL,28,'2024-05-16','ח׳ אִיָיר תשפ״ד','19:54:00',NULL,'תהילים כח'),(832,NULL,NULL,NULL,NULL,'2024-05-17',NULL,NULL,NULL,NULL),(833,NULL,NULL,NULL,NULL,'2024-05-18',NULL,NULL,NULL,NULL),(834,596,25,NULL,29,'2024-05-19','י״א אִיָיר תשפ״ד','19:56:00',NULL,'תהילים כט'),(835,597,25,NULL,30,'2024-05-20','י״ב אִיָיר תשפ״ד','19:57:00',NULL,'תהילים ל'),(836,598,25,NULL,31,'2024-05-21','י״ג אִיָיר תשפ״ד','19:58:00',NULL,'תהילים לא'),(837,599,25,NULL,32,'2024-05-22','י״ד אִיָיר תשפ״ד','19:59:00',NULL,'תהילים לב'),(838,600,25,NULL,33,'2024-05-23','ט״ו אִיָיר תשפ״ד','19:59:00',NULL,'תהילים לג'),(839,NULL,NULL,NULL,NULL,'2024-05-24',NULL,NULL,NULL,NULL),(840,NULL,NULL,NULL,NULL,'2024-05-25',NULL,NULL,NULL,NULL),(841,601,25,NULL,34,'2024-05-26','י״ח אִיָיר תשפ״ד','20:01:00',NULL,'תהילים לד'),(842,602,25,NULL,35,'2024-05-27','י״ט אִיָיר תשפ״ד','20:02:00',NULL,'תהילים לה'),(843,603,25,NULL,36,'2024-05-28','כ׳ אִיָיר תשפ״ד','20:03:00',NULL,'תהילים לו'),(844,604,25,NULL,37,'2024-05-29','כ״א אִיָיר תשפ״ד','20:03:00',NULL,'תהילים לז'),(845,605,25,NULL,38,'2024-05-30','כ״ב אִיָיר תשפ״ד','20:04:00',NULL,'תהילים לח'),(846,NULL,NULL,NULL,NULL,'2024-05-31',NULL,NULL,NULL,NULL),(847,NULL,NULL,NULL,NULL,'2024-06-01',NULL,NULL,NULL,NULL),(848,606,25,NULL,39,'2024-06-02','כ״ה אִיָיר תשפ״ד','20:06:00',NULL,'תהילים לט'),(849,607,25,NULL,40,'2024-06-03','כ״ו אִיָיר תשפ״ד','20:06:00',NULL,'תהילים מ'),(850,608,25,NULL,41,'2024-06-04','כ״ז אִיָיר תשפ״ד','20:07:00',NULL,'תהילים מא'),(851,609,25,NULL,42,'2024-06-05','כ״ח אִיָיר תשפ״ד','20:07:00',NULL,'תהילים מב'),(852,610,25,NULL,43,'2024-06-06','כ״ט אִיָיר תשפ״ד','20:08:00',NULL,'תהילים מג'),(853,NULL,NULL,NULL,NULL,'2024-06-07',NULL,NULL,NULL,NULL),(854,NULL,NULL,NULL,NULL,'2024-06-08',NULL,NULL,NULL,NULL),(855,611,25,NULL,44,'2024-06-09','ג׳ סִיוָן תשפ״ד','20:09:00',NULL,'תהילים מד'),(856,612,25,NULL,45,'2024-06-10','ד׳ סִיוָן תשפ״ד','20:10:00',NULL,'תהילים מה'),(857,613,25,NULL,46,'2024-06-11','ה׳ סִיוָן תשפ״ד','20:10:00',NULL,'תהילים מו'),(858,614,25,NULL,47,'2024-06-12','ו׳ סִיוָן תשפ״ד','20:11:00',NULL,'תהילים מז'),(859,615,25,NULL,48,'2024-06-13','ז׳ סִיוָן תשפ״ד','20:11:00',NULL,'תהילים מח'),(860,NULL,NULL,NULL,NULL,'2024-06-14',NULL,NULL,NULL,NULL),(861,NULL,NULL,NULL,NULL,'2024-06-15',NULL,NULL,NULL,NULL),(862,616,25,NULL,49,'2024-06-16','י׳ סִיוָן תשפ״ד','20:12:00',NULL,'תהילים מט'),(863,617,25,NULL,50,'2024-06-17','י״א סִיוָן תשפ״ד','20:12:00',NULL,'תהילים נ'),(864,618,25,NULL,51,'2024-06-18','י״ב סִיוָן תשפ״ד','20:13:00',NULL,'תהילים נא'),(865,619,25,NULL,52,'2024-06-19','י״ג סִיוָן תשפ״ד','20:13:00',NULL,'תהילים נב'),(866,620,25,NULL,53,'2024-06-20','י״ד סִיוָן תשפ״ד','20:13:00',NULL,'תהילים נג'),(867,NULL,NULL,NULL,NULL,'2024-06-21',NULL,NULL,NULL,NULL),(868,NULL,NULL,NULL,NULL,'2024-06-22',NULL,NULL,NULL,NULL),(869,621,25,NULL,54,'2024-06-23','י״ז סִיוָן תשפ״ד','20:14:00',NULL,'תהילים נד'),(870,622,25,NULL,55,'2024-06-24','י״ח סִיוָן תשפ״ד','20:14:00',NULL,'תהילים נה'),(871,623,25,NULL,56,'2024-06-25','י״ט סִיוָן תשפ״ד','20:14:00',NULL,'תהילים נו'),(872,624,25,NULL,57,'2024-06-26','כ׳ סִיוָן תשפ״ד','20:14:00',NULL,'תהילים נז'),(873,625,25,NULL,58,'2024-06-27','כ״א סִיוָן תשפ״ד','20:14:00',NULL,'תהילים נח'),(874,NULL,NULL,NULL,NULL,'2024-06-28',NULL,NULL,NULL,NULL),(875,NULL,NULL,NULL,NULL,'2024-06-29',NULL,NULL,NULL,NULL),(876,626,25,NULL,59,'2024-06-30','כ״ד סִיוָן תשפ״ד','20:14:00',NULL,'תהילים נט'),(877,627,25,NULL,60,'2024-07-01','כ״ה סִיוָן תשפ״ד','20:14:00',NULL,'תהילים ס'),(878,628,25,NULL,61,'2024-07-02','כ״ו סִיוָן תשפ״ד','20:14:00',NULL,'תהילים סא'),(879,629,25,NULL,62,'2024-07-03','כ״ז סִיוָן תשפ״ד','20:14:00',NULL,'תהילים סב'),(880,630,25,NULL,63,'2024-07-04','כ״ח סִיוָן תשפ״ד','20:14:00',NULL,'תהילים סג'),(881,NULL,NULL,NULL,NULL,'2024-07-05',NULL,NULL,NULL,NULL),(882,NULL,NULL,NULL,NULL,'2024-07-06',NULL,NULL,NULL,NULL),(883,631,25,NULL,64,'2024-07-07','א׳ תַּמּוּז תשפ״ד','20:13:00',NULL,'תהילים סד'),(884,632,25,NULL,65,'2024-07-08','ב׳ תַּמּוּז תשפ״ד','20:13:00',NULL,'תהילים סה'),(885,633,25,NULL,66,'2024-07-09','ג׳ תַּמּוּז תשפ״ד','20:13:00',NULL,'תהילים סו'),(886,634,25,NULL,67,'2024-07-10','ד׳ תַּמּוּז תשפ״ד','20:12:00',NULL,'תהילים סז'),(887,635,25,NULL,68,'2024-07-11','ה׳ תַּמּוּז תשפ״ד','20:12:00',NULL,'תהילים סח'),(888,NULL,NULL,NULL,NULL,'2024-07-12',NULL,NULL,NULL,NULL),(889,NULL,NULL,NULL,NULL,'2024-07-13',NULL,NULL,NULL,NULL),(890,636,25,NULL,69,'2024-07-14','ח׳ תַּמּוּז תשפ״ד','20:11:00',NULL,'תהילים סט'),(891,637,25,NULL,70,'2024-07-15','ט׳ תַּמּוּז תשפ״ד','20:10:00',NULL,'תהילים ע'),(892,638,25,NULL,71,'2024-07-16','י׳ תַּמּוּז תשפ״ד','20:10:00',NULL,'תהילים עא'),(893,639,25,NULL,72,'2024-07-17','י״א תַּמּוּז תשפ״ד','20:09:00',NULL,'תהילים עב'),(894,640,25,NULL,73,'2024-07-18','י״ב תַּמּוּז תשפ״ד','20:09:00',NULL,'תהילים עג'),(895,NULL,NULL,NULL,NULL,'2024-07-19',NULL,NULL,NULL,NULL),(896,NULL,NULL,NULL,NULL,'2024-07-20',NULL,NULL,NULL,NULL),(897,641,25,NULL,74,'2024-07-21','ט״ו תַּמּוּז תשפ״ד','20:07:00',NULL,'תהילים עד'),(898,642,25,NULL,75,'2024-07-22','ט״ז תַּמּוּז תשפ״ד','20:07:00',NULL,'תהילים עה'),(899,643,25,NULL,76,'2024-07-23','י״ז תַּמּוּז תשפ״ד','20:06:00',NULL,'תהילים עו'),(900,644,25,NULL,77,'2024-07-24','י״ח תַּמּוּז תשפ״ד','20:05:00',NULL,'תהילים עז'),(901,645,25,NULL,78,'2024-07-25','י״ט תַּמּוּז תשפ״ד','20:05:00',NULL,'תהילים עח'),(902,NULL,NULL,NULL,NULL,'2024-07-26',NULL,NULL,NULL,NULL),(903,NULL,NULL,NULL,NULL,'2024-07-27',NULL,NULL,NULL,NULL),(904,646,25,NULL,79,'2024-07-28','כ״ב תַּמּוּז תשפ״ד','20:03:00',NULL,'תהילים עט'),(905,647,25,NULL,80,'2024-07-29','כ״ג תַּמּוּז תשפ״ד','20:02:00',NULL,'תהילים פ'),(906,648,25,NULL,81,'2024-07-30','כ״ד תַּמּוּז תשפ״ד','20:01:00',NULL,'תהילים פא'),(907,649,25,NULL,82,'2024-07-31','כ״ה תַּמּוּז תשפ״ד','20:00:00',NULL,'תהילים פב'),(908,650,25,NULL,83,'2024-08-01','כ״ו תַּמּוּז תשפ״ד','19:59:00',NULL,'תהילים פג'),(909,NULL,NULL,NULL,NULL,'2024-08-02',NULL,NULL,NULL,NULL),(910,NULL,NULL,NULL,NULL,'2024-08-03',NULL,NULL,NULL,NULL),(911,651,25,NULL,84,'2024-08-04','כ״ט תַּמּוּז תשפ״ד','19:57:00',NULL,'תהילים פד'),(912,652,25,NULL,85,'2024-08-05','א׳ אָב תשפ״ד','19:56:00',NULL,'תהילים פה'),(913,653,25,NULL,86,'2024-08-06','ב׳ אָב תשפ״ד','19:55:00',NULL,'תהילים פו'),(914,654,25,NULL,87,'2024-08-07','ג׳ אָב תשפ״ד','19:54:00',NULL,'תהילים פז'),(915,655,25,NULL,88,'2024-08-08','ד׳ אָב תשפ״ד','19:53:00',NULL,'תהילים פח'),(916,NULL,NULL,NULL,NULL,'2024-08-09',NULL,NULL,NULL,NULL),(917,NULL,NULL,NULL,NULL,'2024-08-10',NULL,NULL,NULL,NULL),(918,656,25,NULL,89,'2024-08-11','ז׳ אָב תשפ״ד','19:50:00',NULL,'תהילים פט'),(919,657,25,NULL,90,'2024-08-12','ח׳ אָב תשפ״ד','19:49:00',NULL,'תהילים צ'),(920,658,25,NULL,91,'2024-08-13','ט׳ אָב תשפ״ד','19:48:00',NULL,'תהילים צא'),(921,659,25,NULL,92,'2024-08-14','י׳ אָב תשפ״ד','19:47:00',NULL,'תהילים צב'),(922,660,25,NULL,93,'2024-08-15','י״א אָב תשפ״ד','19:46:00',NULL,'תהילים צג'),(923,NULL,NULL,NULL,NULL,'2024-08-16',NULL,NULL,NULL,NULL),(924,NULL,NULL,NULL,NULL,'2024-08-17',NULL,NULL,NULL,NULL),(925,661,25,NULL,94,'2024-08-18','י״ד אָב תשפ״ד','19:42:00',NULL,'תהילים צד'),(926,662,25,NULL,95,'2024-08-19','ט״ו אָב תשפ״ד','19:41:00',NULL,'תהילים צה'),(927,663,25,NULL,96,'2024-08-20','ט״ז אָב תשפ״ד','19:40:00',NULL,'תהילים צו'),(928,664,25,NULL,97,'2024-08-21','י״ז אָב תשפ״ד','19:39:00',NULL,'תהילים צז'),(929,665,25,NULL,98,'2024-08-22','י״ח אָב תשפ״ד','19:38:00',NULL,'תהילים צח'),(930,NULL,NULL,NULL,NULL,'2024-08-23',NULL,NULL,NULL,NULL),(931,NULL,NULL,NULL,NULL,'2024-08-24',NULL,NULL,NULL,NULL),(932,666,25,NULL,99,'2024-08-25','כ״א אָב תשפ״ד','19:34:00',NULL,'תהילים צט'),(933,667,25,NULL,100,'2024-08-26','כ״ב אָב תשפ״ד','19:33:00',NULL,'תהילים ק'),(934,668,25,NULL,101,'2024-08-27','כ״ג אָב תשפ״ד','19:31:00',NULL,'תהילים קא'),(935,669,25,NULL,102,'2024-08-28','כ״ד אָב תשפ״ד','19:30:00',NULL,'תהילים קב'),(936,670,25,NULL,103,'2024-08-29','כ״ה אָב תשפ״ד','19:29:00',NULL,'תהילים קג'),(937,NULL,NULL,NULL,NULL,'2024-08-30',NULL,NULL,NULL,NULL),(938,NULL,NULL,NULL,NULL,'2024-08-31',NULL,NULL,NULL,NULL),(939,671,25,NULL,104,'2024-09-01','כ״ח אָב תשפ״ד','19:25:00',NULL,'תהילים קד'),(940,672,25,NULL,105,'2024-09-02','כ״ט אָב תשפ״ד','19:24:00',NULL,'תהילים קה'),(941,673,25,NULL,106,'2024-09-03','ל׳ אָב תשפ״ד','19:23:00',NULL,'תהילים קו'),(942,674,25,NULL,107,'2024-09-04','א׳ אֱלוּל תשפ״ד','19:21:00',NULL,'תהילים קז'),(943,675,25,NULL,108,'2024-09-05','ב׳ אֱלוּל תשפ״ד','19:20:00',NULL,'תהילים קח'),(944,NULL,NULL,NULL,NULL,'2024-09-06',NULL,NULL,NULL,NULL),(945,NULL,NULL,NULL,NULL,'2024-09-07',NULL,NULL,NULL,NULL),(946,676,25,NULL,109,'2024-09-08','ה׳ אֱלוּל תשפ״ד','19:16:00',NULL,'תהילים קט'),(947,677,25,NULL,110,'2024-09-09','ו׳ אֱלוּל תשפ״ד','19:15:00',NULL,'תהילים קי'),(948,678,25,NULL,111,'2024-09-10','ז׳ אֱלוּל תשפ״ד','19:13:00',NULL,'תהילים קיא'),(949,679,25,NULL,112,'2024-09-11','ח׳ אֱלוּל תשפ״ד','19:12:00',NULL,'תהילים קיב'),(950,680,25,NULL,113,'2024-09-12','ט׳ אֱלוּל תשפ״ד','19:11:00',NULL,'תהילים קיג'),(951,NULL,NULL,NULL,NULL,'2024-09-13',NULL,NULL,NULL,NULL),(952,NULL,NULL,NULL,NULL,'2024-09-14',NULL,NULL,NULL,NULL),(953,681,25,NULL,114,'2024-09-15','י״ב אֱלוּל תשפ״ד','19:07:00',NULL,'תהילים קיד'),(954,682,25,NULL,115,'2024-09-16','י״ג אֱלוּל תשפ״ד','19:05:00',NULL,'תהילים קטו'),(955,683,25,NULL,116,'2024-09-17','י״ד אֱלוּל תשפ״ד','19:04:00',NULL,'תהילים קטז'),(956,684,25,NULL,117,'2024-09-18','ט״ו אֱלוּל תשפ״ד','19:03:00',NULL,'תהילים קיז'),(957,685,25,NULL,118,'2024-09-19','ט״ז אֱלוּל תשפ״ד','19:01:00',NULL,'תהילים קיח'),(958,NULL,NULL,NULL,NULL,'2024-09-20',NULL,NULL,NULL,NULL),(959,NULL,NULL,NULL,NULL,'2024-09-21',NULL,NULL,NULL,NULL),(960,686,25,NULL,119,'2024-09-22','י״ט אֱלוּל תשפ״ד','18:57:00',NULL,'תהילים קיט'),(961,687,25,NULL,120,'2024-09-23','כ׳ אֱלוּל תשפ״ד','18:56:00',NULL,'תהילים קכ'),(962,688,25,NULL,121,'2024-09-24','כ״א אֱלוּל תשפ״ד','18:55:00',NULL,'תהילים קכא'),(963,689,25,NULL,122,'2024-09-25','כ״ב אֱלוּל תשפ״ד','18:53:00',NULL,'תהילים קכב'),(964,690,25,NULL,123,'2024-09-26','כ״ג אֱלוּל תשפ״ד','18:52:00',NULL,'תהילים קכג'),(965,NULL,NULL,NULL,NULL,'2024-09-27',NULL,NULL,NULL,NULL),(966,NULL,NULL,NULL,NULL,'2024-09-28',NULL,NULL,NULL,NULL),(967,691,25,NULL,124,'2024-09-29','כ״ו אֱלוּל תשפ״ד','18:48:00',NULL,'תהילים קכד'),(968,692,25,NULL,125,'2024-09-30','כ״ז אֱלוּל תשפ״ד','18:47:00',NULL,'תהילים קכה'),(969,693,25,NULL,126,'2024-10-01','כ״ח אֱלוּל תשפ״ד','18:46:00',NULL,'תהילים קכו'),(970,694,25,NULL,127,'2024-10-02','כ״ט אֱלוּל תשפ״ד','18:44:00',NULL,'תהילים קכז'),(971,695,25,NULL,128,'2024-10-03','א׳ תִשְׁרֵי תשפ״ה','18:43:00',NULL,'תהילים קכח'),(972,NULL,NULL,NULL,NULL,'2024-10-04',NULL,NULL,NULL,NULL),(973,NULL,NULL,NULL,NULL,'2024-10-05',NULL,NULL,NULL,NULL),(974,696,25,NULL,129,'2024-10-06','ד׳ תִשְׁרֵי תשפ״ה','18:39:00',NULL,'תהילים קכט'),(975,697,25,NULL,130,'2024-10-07','ה׳ תִשְׁרֵי תשפ״ה','18:38:00',NULL,'תהילים קל'),(976,698,25,NULL,131,'2024-10-08','ו׳ תִשְׁרֵי תשפ״ה','18:37:00',NULL,'תהילים קלא'),(977,699,25,NULL,132,'2024-10-09','ז׳ תִשְׁרֵי תשפ״ה','18:36:00',NULL,'תהילים קלב'),(978,700,25,NULL,133,'2024-10-10','ח׳ תִשְׁרֵי תשפ״ה','18:35:00',NULL,'תהילים קלג'),(979,NULL,NULL,NULL,NULL,'2024-10-11',NULL,NULL,NULL,NULL),(980,NULL,NULL,NULL,NULL,'2024-10-12',NULL,NULL,NULL,NULL),(981,701,25,NULL,134,'2024-10-13','י״א תִשְׁרֵי תשפ״ה','18:31:00',NULL,'תהילים קלד'),(982,702,25,NULL,135,'2024-10-14','י״ב תִשְׁרֵי תשפ״ה','18:30:00',NULL,'תהילים קלה'),(983,703,25,NULL,136,'2024-10-15','י״ג תִשְׁרֵי תשפ״ה','18:29:00',NULL,'תהילים קלו'),(984,704,25,NULL,137,'2024-10-16','י״ד תִשְׁרֵי תשפ״ה','18:28:00',NULL,'תהילים קלז'),(985,705,25,NULL,138,'2024-10-17','ט״ו תִשְׁרֵי תשפ״ה','18:27:00',NULL,'תהילים קלח'),(986,NULL,NULL,NULL,NULL,'2024-10-18',NULL,NULL,NULL,NULL),(987,NULL,NULL,NULL,NULL,'2024-10-19',NULL,NULL,NULL,NULL),(988,706,25,NULL,139,'2024-10-20','י״ח תִשְׁרֵי תשפ״ה','18:23:00',NULL,'תהילים קלט'),(989,707,25,NULL,140,'2024-10-21','י״ט תִשְׁרֵי תשפ״ה','18:22:00',NULL,'תהילים קמ'),(990,708,25,NULL,141,'2024-10-22','כ׳ תִשְׁרֵי תשפ״ה','18:21:00',NULL,'תהילים קמא'),(991,709,25,NULL,142,'2024-10-23','כ״א תִשְׁרֵי תשפ״ה','18:20:00',NULL,'תהילים קמב'),(992,710,25,NULL,143,'2024-10-24','כ״ב תִשְׁרֵי תשפ״ה','18:19:00',NULL,'תהילים קמג'),(993,NULL,NULL,NULL,NULL,'2024-10-25',NULL,NULL,NULL,NULL),(994,NULL,NULL,NULL,NULL,'2024-10-26',NULL,NULL,NULL,NULL),(995,711,25,NULL,144,'2024-10-27','כ״ה תִשְׁרֵי תשפ״ה','17:16:00',NULL,'תהילים קמד'),(996,712,25,NULL,145,'2024-10-28','כ״ו תִשְׁרֵי תשפ״ה','17:16:00',NULL,'תהילים קמה'),(997,713,25,NULL,146,'2024-10-29','כ״ז תִשְׁרֵי תשפ״ה','17:15:00',NULL,'תהילים קמו'),(998,714,25,NULL,147,'2024-10-30','כ״ח תִשְׁרֵי תשפ״ה','17:14:00',NULL,'תהילים קמז'),(999,715,25,NULL,148,'2024-10-31','כ״ט תִשְׁרֵי תשפ״ה','17:13:00',NULL,'תהילים קמח'),(1000,NULL,NULL,NULL,NULL,'2024-11-01',NULL,NULL,NULL,NULL),(1001,NULL,NULL,NULL,NULL,'2024-11-02',NULL,NULL,NULL,NULL),(1002,716,25,NULL,149,'2024-11-03','ב׳ חֶשְׁוָן תשפ״ה','17:10:00',NULL,'תהילים קמט'),(1003,717,25,NULL,150,'2024-11-04','ג׳ חֶשְׁוָן תשפ״ה','17:10:00',NULL,'תהילים קנ'),(1004,718,26,NULL,1,'2024-11-05','ד׳ חֶשְׁוָן תשפ״ה','17:09:00',NULL,'משלי א'),(1005,719,26,NULL,2,'2024-11-06','ה׳ חֶשְׁוָן תשפ״ה','17:08:00',NULL,'משלי ב'),(1006,720,26,NULL,3,'2024-11-07','ו׳ חֶשְׁוָן תשפ״ה','17:08:00',NULL,'משלי ג'),(1007,NULL,NULL,NULL,NULL,'2024-11-08',NULL,NULL,NULL,NULL),(1008,NULL,NULL,NULL,NULL,'2024-11-09',NULL,NULL,NULL,NULL),(1009,721,26,NULL,4,'2024-11-10','ט׳ חֶשְׁוָן תשפ״ה','17:06:00',NULL,'משלי ד'),(1010,722,26,NULL,5,'2024-11-11','י׳ חֶשְׁוָן תשפ״ה','17:05:00',NULL,'משלי ה'),(1011,723,26,NULL,6,'2024-11-12','י״א חֶשְׁוָן תשפ״ה','17:05:00',NULL,'משלי ו'),(1012,724,26,NULL,7,'2024-11-13','י״ב חֶשְׁוָן תשפ״ה','17:04:00',NULL,'משלי ז'),(1013,725,26,NULL,8,'2024-11-14','י״ג חֶשְׁוָן תשפ״ה','17:03:00',NULL,'משלי ח'),(1014,NULL,NULL,NULL,NULL,'2024-11-15',NULL,NULL,NULL,NULL),(1015,NULL,NULL,NULL,NULL,'2024-11-16',NULL,NULL,NULL,NULL),(1016,726,26,NULL,9,'2024-11-17','ט״ז חֶשְׁוָן תשפ״ה','17:02:00',NULL,'משלי ט'),(1017,727,26,NULL,10,'2024-11-18','י״ז חֶשְׁוָן תשפ״ה','17:02:00',NULL,'משלי י'),(1018,728,26,NULL,11,'2024-11-19','י״ח חֶשְׁוָן תשפ״ה','17:01:00',NULL,'משלי יא'),(1019,729,26,NULL,12,'2024-11-20','י״ט חֶשְׁוָן תשפ״ה','17:01:00',NULL,'משלי יב'),(1020,730,26,NULL,13,'2024-11-21','כ׳ חֶשְׁוָן תשפ״ה','17:01:00',NULL,'משלי יג'),(1021,NULL,NULL,NULL,NULL,'2024-11-22',NULL,NULL,NULL,NULL),(1022,NULL,NULL,NULL,NULL,'2024-11-23',NULL,NULL,NULL,NULL),(1023,731,26,NULL,14,'2024-11-24','כ״ג חֶשְׁוָן תשפ״ה','17:00:00',NULL,'משלי יד'),(1024,732,26,NULL,15,'2024-11-25','כ״ד חֶשְׁוָן תשפ״ה','17:00:00',NULL,'משלי טו'),(1025,733,26,NULL,16,'2024-11-26','כ״ה חֶשְׁוָן תשפ״ה','16:59:00',NULL,'משלי טז'),(1026,734,26,NULL,17,'2024-11-27','כ״ו חֶשְׁוָן תשפ״ה','16:59:00',NULL,'משלי יז'),(1027,735,26,NULL,18,'2024-11-28','כ״ז חֶשְׁוָן תשפ״ה','16:59:00',NULL,'משלי יח'),(1028,NULL,NULL,NULL,NULL,'2024-11-29',NULL,NULL,NULL,NULL),(1029,NULL,NULL,NULL,NULL,'2024-11-30',NULL,NULL,NULL,NULL),(1030,736,26,NULL,19,'2021-05-09','כ״ז אִיָיר תשפ״א','19:49:00',NULL,'משלי יט'),(1031,737,26,NULL,20,'2021-05-10','כ״ח אִיָיר תשפ״א','19:50:00',NULL,'משלי כ'),(1032,738,26,NULL,21,'2021-05-11','כ״ט אִיָיר תשפ״א','19:50:00',NULL,'משלי כא'),(1033,739,26,NULL,22,'2021-05-12','א׳ סִיוָן תשפ״א','19:51:00',NULL,'משלי כב'),(1034,740,26,NULL,23,'2021-05-13','ב׳ סִיוָן תשפ״א','19:52:00',NULL,'משלי כג'),(1035,NULL,NULL,NULL,NULL,'2021-05-14',NULL,NULL,NULL,NULL),(1036,NULL,NULL,NULL,NULL,'2021-05-15',NULL,NULL,NULL,NULL),(1037,741,26,NULL,24,'2021-05-16','ה׳ סִיוָן תשפ״א','19:54:00',NULL,'משלי כד'),(1038,742,26,NULL,25,'2021-05-17','ו׳ סִיוָן תשפ״א','19:55:00',NULL,'משלי כה'),(1039,743,26,NULL,26,'2021-05-18','ז׳ סִיוָן תשפ״א','19:55:00',NULL,'משלי כו'),(1040,744,26,NULL,27,'2021-05-19','ח׳ סִיוָן תשפ״א','19:56:00',NULL,'משלי כז'),(1041,745,26,NULL,28,'2021-05-20','ט׳ סִיוָן תשפ״א','19:57:00',NULL,'משלי כח'),(1042,NULL,NULL,NULL,NULL,'2021-05-21',NULL,NULL,NULL,NULL),(1043,NULL,NULL,NULL,NULL,'2021-05-22',NULL,NULL,NULL,NULL),(1044,746,26,NULL,29,'2021-05-23','י״ב סִיוָן תשפ״א','19:59:00',NULL,'משלי כט'),(1045,747,26,NULL,30,'2021-05-24','י״ג סִיוָן תשפ״א','20:00:00',NULL,'משלי ל'),(1046,748,26,NULL,31,'2021-05-25','י״ד סִיוָן תשפ״א','20:00:00',NULL,'משלי לא'),(1047,749,27,NULL,1,'2021-05-26','ט״ו סִיוָן תשפ״א','20:01:00',NULL,'איוב א'),(1048,750,27,NULL,2,'2021-05-27','ט״ז סִיוָן תשפ״א','20:02:00',NULL,'איוב ב'),(1049,NULL,NULL,NULL,NULL,'2021-05-28',NULL,NULL,NULL,NULL),(1050,NULL,NULL,NULL,NULL,'2021-05-29',NULL,NULL,NULL,NULL),(1051,751,27,NULL,3,'2021-05-30','י״ט סִיוָן תשפ״א','20:04:00',NULL,'איוב ג'),(1052,752,27,NULL,4,'2021-05-31','כ׳ סִיוָן תשפ״א','20:04:00',NULL,'איוב ד'),(1053,753,27,NULL,5,'2021-06-01','כ״א סִיוָן תשפ״א','20:05:00',NULL,'איוב ה'),(1054,754,27,NULL,6,'2021-06-02','כ״ב סִיוָן תשפ״א','20:05:00',NULL,'איוב ו'),(1055,755,27,NULL,7,'2021-06-03','כ״ג סִיוָן תשפ״א','20:06:00',NULL,'איוב ז'),(1056,NULL,NULL,NULL,NULL,'2021-06-04',NULL,NULL,NULL,NULL),(1057,NULL,NULL,NULL,NULL,'2021-06-05',NULL,NULL,NULL,NULL),(1058,756,27,NULL,8,'2021-06-06','כ״ו סִיוָן תשפ״א','20:08:00',NULL,'איוב ח'),(1059,757,27,NULL,9,'2021-06-07','כ״ז סִיוָן תשפ״א','20:08:00',NULL,'איוב ט'),(1060,758,27,NULL,10,'2021-06-08','כ״ח סִיוָן תשפ״א','20:09:00',NULL,'איוב י'),(1061,759,27,NULL,11,'2021-06-09','כ״ט סִיוָן תשפ״א','20:09:00',NULL,'איוב יא'),(1062,760,27,NULL,12,'2021-06-10','ל׳ סִיוָן תשפ״א','20:10:00',NULL,'איוב יב'),(1063,NULL,NULL,NULL,NULL,'2021-06-11',NULL,NULL,NULL,NULL),(1064,NULL,NULL,NULL,NULL,'2021-06-12',NULL,NULL,NULL,NULL),(1065,761,27,NULL,13,'2021-06-13','ג׳ תַּמּוּז תשפ״א','20:11:00',NULL,'איוב יג'),(1066,762,27,NULL,14,'2021-06-14','ד׳ תַּמּוּז תשפ״א','20:11:00',NULL,'איוב יד'),(1067,763,27,NULL,15,'2021-06-15','ה׳ תַּמּוּז תשפ״א','20:12:00',NULL,'איוב טו'),(1068,764,27,NULL,16,'2021-06-16','ו׳ תַּמּוּז תשפ״א','20:12:00',NULL,'איוב טז'),(1069,765,27,NULL,17,'2021-06-17','ז׳ תַּמּוּז תשפ״א','20:12:00',NULL,'איוב יז'),(1070,NULL,NULL,NULL,NULL,'2021-06-18',NULL,NULL,NULL,NULL),(1071,NULL,NULL,NULL,NULL,'2021-06-19',NULL,NULL,NULL,NULL),(1072,766,27,NULL,18,'2021-06-20','י׳ תַּמּוּז תשפ״א','20:13:00',NULL,'איוב יח'),(1073,767,27,NULL,19,'2021-06-21','י״א תַּמּוּז תשפ״א','20:13:00',NULL,'איוב יט'),(1074,768,27,NULL,20,'2021-06-22','י״ב תַּמּוּז תשפ״א','20:13:00',NULL,'איוב כ'),(1075,769,27,NULL,21,'2021-06-23','י״ג תַּמּוּז תשפ״א','20:14:00',NULL,'איוב כא'),(1076,770,27,NULL,22,'2021-06-24','י״ד תַּמּוּז תשפ״א','20:14:00',NULL,'איוב כב'),(1077,NULL,NULL,NULL,NULL,'2021-06-25',NULL,NULL,NULL,NULL),(1078,NULL,NULL,NULL,NULL,'2021-06-26',NULL,NULL,NULL,NULL),(1079,771,27,NULL,23,'2021-06-27','י״ז תַּמּוּז תשפ״א','20:14:00',NULL,'איוב כג'),(1080,772,27,NULL,24,'2021-06-28','י״ח תַּמּוּז תשפ״א','20:14:00',NULL,'איוב כד'),(1081,773,27,NULL,25,'2021-06-29','י״ט תַּמּוּז תשפ״א','20:14:00',NULL,'איוב כה'),(1082,774,27,NULL,26,'2021-06-30','כ׳ תַּמּוּז תשפ״א','20:14:00',NULL,'איוב כו'),(1083,775,27,NULL,27,'2021-07-01','כ״א תַּמּוּז תשפ״א','20:14:00',NULL,'איוב כז'),(1084,NULL,NULL,NULL,NULL,'2021-07-02',NULL,NULL,NULL,NULL),(1085,NULL,NULL,NULL,NULL,'2021-07-03',NULL,NULL,NULL,NULL),(1086,776,27,NULL,28,'2021-07-04','כ״ד תַּמּוּז תשפ״א','20:14:00',NULL,'איוב כח'),(1087,777,27,NULL,29,'2021-07-05','כ״ה תַּמּוּז תשפ״א','20:14:00',NULL,'איוב כט'),(1088,778,27,NULL,30,'2021-07-06','כ״ו תַּמּוּז תשפ״א','20:13:00',NULL,'איוב ל'),(1089,779,27,NULL,31,'2021-07-07','כ״ז תַּמּוּז תשפ״א','20:13:00',NULL,'איוב לא'),(1090,780,27,NULL,32,'2021-07-08','כ״ח תַּמּוּז תשפ״א','20:13:00',NULL,'איוב לב'),(1091,NULL,NULL,NULL,NULL,'2021-07-09',NULL,NULL,NULL,NULL),(1092,NULL,NULL,NULL,NULL,'2021-07-10',NULL,NULL,NULL,NULL),(1093,781,27,NULL,33,'2021-07-11','ב׳ אָב תשפ״א','20:12:00',NULL,'איוב לג'),(1094,782,27,NULL,34,'2021-07-12','ג׳ אָב תשפ״א','20:12:00',NULL,'איוב לד'),(1095,783,27,NULL,35,'2021-07-13','ד׳ אָב תשפ״א','20:11:00',NULL,'איוב לה'),(1096,784,27,NULL,36,'2021-07-14','ה׳ אָב תשפ״א','20:11:00',NULL,'איוב לו'),(1097,785,27,NULL,37,'2021-07-15','ו׳ אָב תשפ״א','20:11:00',NULL,'איוב לז'),(1098,NULL,NULL,NULL,NULL,'2021-07-16',NULL,NULL,NULL,NULL),(1099,NULL,NULL,NULL,NULL,'2021-07-17',NULL,NULL,NULL,NULL),(1100,786,27,NULL,38,'2021-07-18','ט׳ אָב תשפ״א','20:09:00',NULL,'איוב לח'),(1101,787,27,NULL,39,'2021-07-19','י׳ אָב תשפ״א','20:09:00',NULL,'איוב לט'),(1102,788,27,NULL,40,'2021-07-20','י״א אָב תשפ״א','20:08:00',NULL,'איוב מ'),(1103,789,27,NULL,41,'2021-07-21','י״ב אָב תשפ״א','20:07:00',NULL,'איוב מא'),(1104,790,27,NULL,42,'2021-07-22','י״ג אָב תשפ״א','20:07:00',NULL,'איוב מב'),(1105,NULL,NULL,NULL,NULL,'2021-07-23',NULL,NULL,NULL,NULL),(1106,NULL,NULL,NULL,NULL,'2021-07-24',NULL,NULL,NULL,NULL),(1107,791,28,NULL,1,'2021-07-25','ט״ז אָב תשפ״א','20:05:00',NULL,'שיר השירים א'),(1108,792,28,NULL,2,'2021-07-26','י״ז אָב תשפ״א','20:04:00',NULL,'שיר השירים ב'),(1109,793,28,NULL,3,'2021-07-27','י״ח אָב תשפ״א','20:03:00',NULL,'שיר השירים ג'),(1110,794,28,NULL,4,'2021-07-28','י״ט אָב תשפ״א','20:03:00',NULL,'שיר השירים ד'),(1111,795,28,NULL,5,'2021-07-29','כ׳ אָב תשפ״א','20:02:00',NULL,'שיר השירים ה'),(1112,NULL,NULL,NULL,NULL,'2021-07-30',NULL,NULL,NULL,NULL),(1113,NULL,NULL,NULL,NULL,'2021-07-31',NULL,NULL,NULL,NULL),(1114,796,28,NULL,6,'2021-08-01','כ״ג אָב תשפ״א','20:00:00',NULL,'שיר השירים ו'),(1115,797,28,NULL,7,'2021-08-02','כ״ד אָב תשפ״א','19:59:00',NULL,'שיר השירים ז'),(1116,798,28,NULL,8,'2021-08-03','כ״ה אָב תשפ״א','19:58:00',NULL,'שיר השירים ח'),(1117,799,29,NULL,1,'2021-08-04','כ״ו אָב תשפ״א','19:57:00',NULL,'רות א'),(1118,800,29,NULL,2,'2021-08-05','כ״ז אָב תשפ״א','19:56:00',NULL,'רות ב'),(1119,NULL,NULL,NULL,NULL,'2021-08-06',NULL,NULL,NULL,NULL),(1120,NULL,NULL,NULL,NULL,'2021-08-07',NULL,NULL,NULL,NULL),(1121,801,29,NULL,3,'2021-08-08','ל׳ אָב תשפ״א','19:53:00',NULL,'רות ג'),(1122,802,29,NULL,4,'2021-08-09','א׳ אֱלוּל תשפ״א','19:52:00',NULL,'רות ד'),(1123,803,30,NULL,1,'2021-08-10','ב׳ אֱלוּל תשפ״א','19:51:00',NULL,'איכה א'),(1124,804,30,NULL,2,'2021-08-11','ג׳ אֱלוּל תשפ״א','19:50:00',NULL,'איכה ב'),(1125,805,30,NULL,3,'2021-08-12','ד׳ אֱלוּל תשפ״א','19:49:00',NULL,'איכה ג'),(1126,NULL,NULL,NULL,NULL,'2021-08-13',NULL,NULL,NULL,NULL),(1127,NULL,NULL,NULL,NULL,'2021-08-14',NULL,NULL,NULL,NULL),(1128,806,30,NULL,4,'2021-08-15','ז׳ אֱלוּל תשפ״א','19:46:00',NULL,'איכה ד'),(1129,807,30,NULL,5,'2021-08-16','ח׳ אֱלוּל תשפ״א','19:45:00',NULL,'איכה ה'),(1130,808,31,NULL,1,'2021-08-17','ט׳ אֱלוּל תשפ״א','19:44:00',NULL,'קהלת א'),(1131,809,31,NULL,2,'2021-08-18','י׳ אֱלוּל תשפ״א','19:42:00',NULL,'קהלת ב'),(1132,810,31,NULL,3,'2021-08-19','י״א אֱלוּל תשפ״א','19:41:00',NULL,'קהלת ג'),(1133,NULL,NULL,NULL,NULL,'2021-08-20',NULL,NULL,NULL,NULL),(1134,NULL,NULL,NULL,NULL,'2021-08-21',NULL,NULL,NULL,NULL),(1135,811,31,NULL,4,'2021-08-22','י״ד אֱלוּל תשפ״א','19:38:00',NULL,'קהלת ד'),(1136,812,31,NULL,5,'2021-08-23','ט״ו אֱלוּל תשפ״א','19:37:00',NULL,'קהלת ה'),(1137,813,31,NULL,6,'2021-08-24','ט״ז אֱלוּל תשפ״א','19:35:00',NULL,'קהלת ו'),(1138,814,31,NULL,7,'2021-08-25','י״ז אֱלוּל תשפ״א','19:34:00',NULL,'קהלת ז'),(1139,815,31,NULL,8,'2021-08-26','י״ח אֱלוּל תשפ״א','19:33:00',NULL,'קהלת ח'),(1140,NULL,NULL,NULL,NULL,'2021-08-27',NULL,NULL,NULL,NULL),(1141,NULL,NULL,NULL,NULL,'2021-08-28',NULL,NULL,NULL,NULL),(1142,816,31,NULL,9,'2021-08-29','כ״א אֱלוּל תשפ״א','19:29:00',NULL,'קהלת ט'),(1143,817,31,NULL,10,'2021-08-30','כ״ב אֱלוּל תשפ״א','19:28:00',NULL,'קהלת י'),(1144,818,31,NULL,11,'2021-08-31','כ״ג אֱלוּל תשפ״א','19:27:00',NULL,'קהלת יא'),(1145,819,31,NULL,12,'2021-09-01','כ״ד אֱלוּל תשפ״א','19:25:00',NULL,'קהלת יב'),(1146,820,32,NULL,1,'2021-09-02','כ״ה אֱלוּל תשפ״א','19:24:00',NULL,'אסתר א'),(1147,NULL,NULL,NULL,NULL,'2021-09-03',NULL,NULL,NULL,NULL),(1148,NULL,NULL,NULL,NULL,'2021-09-04',NULL,NULL,NULL,NULL),(1149,821,32,NULL,2,'2021-09-05','כ״ח אֱלוּל תשפ״א','19:20:00',NULL,'אסתר ב'),(1150,822,32,NULL,3,'2021-09-06','כ״ט אֱלוּל תשפ״א','19:19:00',NULL,'אסתר ג'),(1151,823,32,NULL,4,'2021-09-07','א׳ תִשְׁרֵי תשפ״ב','19:18:00',NULL,'אסתר ד'),(1152,824,32,NULL,5,'2021-09-08','ב׳ תִשְׁרֵי תשפ״ב','19:16:00',NULL,'אסתר ה'),(1153,825,32,NULL,6,'2021-09-09','ג׳ תִשְׁרֵי תשפ״ב','19:15:00',NULL,'אסתר ו'),(1154,NULL,NULL,NULL,NULL,'2021-09-10',NULL,NULL,NULL,NULL),(1155,NULL,NULL,NULL,NULL,'2021-09-11',NULL,NULL,NULL,NULL),(1156,826,32,NULL,7,'2021-09-12','ו׳ תִשְׁרֵי תשפ״ב','19:11:00',NULL,'אסתר ז'),(1157,827,32,NULL,8,'2021-09-13','ז׳ תִשְׁרֵי תשפ״ב','19:10:00',NULL,'אסתר ח'),(1158,828,32,NULL,9,'2021-09-14','ח׳ תִשְׁרֵי תשפ״ב','19:08:00',NULL,'אסתר ט'),(1159,829,32,NULL,10,'2021-09-15','ט׳ תִשְׁרֵי תשפ״ב','19:07:00',NULL,'אסתר י'),(1160,830,33,NULL,1,'2021-09-16','י׳ תִשְׁרֵי תשפ״ב','19:06:00',NULL,'דניאל א'),(1161,NULL,NULL,NULL,NULL,'2021-09-17',NULL,NULL,NULL,NULL),(1162,NULL,NULL,NULL,NULL,'2021-09-18',NULL,NULL,NULL,NULL),(1163,831,33,NULL,2,'2021-09-19','י״ג תִשְׁרֵי תשפ״ב','19:02:00',NULL,'דניאל ב'),(1164,832,33,NULL,3,'2021-09-20','י״ד תִשְׁרֵי תשפ״ב','19:00:00',NULL,'דניאל ג'),(1165,833,33,NULL,4,'2021-09-21','ט״ו תִשְׁרֵי תשפ״ב','18:59:00',NULL,'דניאל ד'),(1166,834,33,NULL,5,'2021-09-22','ט״ז תִשְׁרֵי תשפ״ב','18:58:00',NULL,'דניאל ה'),(1167,835,33,NULL,6,'2021-09-23','י״ז תִשְׁרֵי תשפ״ב','18:56:00',NULL,'דניאל ו'),(1168,NULL,NULL,NULL,NULL,'2021-09-24',NULL,NULL,NULL,NULL),(1169,NULL,NULL,NULL,NULL,'2021-09-25',NULL,NULL,NULL,NULL),(1170,836,33,NULL,7,'2021-09-26','כ׳ תִשְׁרֵי תשפ״ב','18:53:00',NULL,'דניאל ז'),(1171,837,33,NULL,8,'2021-09-27','כ״א תִשְׁרֵי תשפ״ב','18:51:00',NULL,'דניאל ח'),(1172,838,33,NULL,9,'2021-09-28','כ״ב תִשְׁרֵי תשפ״ב','18:50:00',NULL,'דניאל ט'),(1173,839,33,NULL,10,'2021-09-29','כ״ג תִשְׁרֵי תשפ״ב','18:49:00',NULL,'דניאל י'),(1174,840,33,NULL,11,'2021-09-30','כ״ד תִשְׁרֵי תשפ״ב','18:47:00',NULL,'דניאל יא'),(1175,NULL,NULL,NULL,NULL,'2021-10-01',NULL,NULL,NULL,NULL),(1176,NULL,NULL,NULL,NULL,'2021-10-02',NULL,NULL,NULL,NULL),(1177,841,33,NULL,12,'2021-10-03','כ״ז תִשְׁרֵי תשפ״ב','18:44:00',NULL,'דניאל יב'),(1178,842,34,70,1,'2021-10-04','כ״ח תִשְׁרֵי תשפ״ב','18:42:00',NULL,'עזרא ע א'),(1179,843,34,70,2,'2021-10-05','כ״ט תִשְׁרֵי תשפ״ב','18:41:00',NULL,'עזרא ע ב'),(1180,844,34,70,3,'2021-10-06','ל׳ תִשְׁרֵי תשפ״ב','18:40:00',NULL,'עזרא ע ג'),(1181,845,34,70,4,'2021-10-07','א׳ חֶשְׁוָן תשפ״ב','18:39:00',NULL,'עזרא ע ד'),(1182,NULL,NULL,NULL,NULL,'2021-10-08',NULL,NULL,NULL,NULL),(1183,NULL,NULL,NULL,NULL,'2021-10-09',NULL,NULL,NULL,NULL),(1184,846,34,70,5,'2021-10-10','ד׳ חֶשְׁוָן תשפ״ב','18:35:00',NULL,'עזרא ע ה'),(1185,847,34,70,6,'2021-10-11','ה׳ חֶשְׁוָן תשפ״ב','18:34:00',NULL,'עזרא ע ו'),(1186,848,34,70,7,'2021-10-12','ו׳ חֶשְׁוָן תשפ״ב','18:33:00',NULL,'עזרא ע ז'),(1187,849,34,70,8,'2021-10-13','ז׳ חֶשְׁוָן תשפ״ב','18:31:00',NULL,'עזרא ע ח'),(1188,850,34,70,9,'2021-10-14','ח׳ חֶשְׁוָן תשפ״ב','18:30:00',NULL,'עזרא ע ט'),(1189,NULL,NULL,NULL,NULL,'2021-10-15',NULL,NULL,NULL,NULL),(1190,NULL,NULL,NULL,NULL,'2021-10-16',NULL,NULL,NULL,NULL),(1191,851,34,70,10,'2021-10-17','י״א חֶשְׁוָן תשפ״ב','18:27:00',NULL,'עזרא ע י'),(1192,852,34,50,1,'2021-10-18','י״ב חֶשְׁוָן תשפ״ב','18:26:00',NULL,'עזרא נ א'),(1193,853,34,50,2,'2021-10-19','י״ג חֶשְׁוָן תשפ״ב','18:25:00',NULL,'עזרא נ ב'),(1194,854,34,50,3,'2021-10-20','י״ד חֶשְׁוָן תשפ״ב','18:24:00',NULL,'עזרא נ ג'),(1195,855,34,50,4,'2021-10-21','ט״ו חֶשְׁוָן תשפ״ב','18:23:00',NULL,'עזרא נ ד'),(1196,NULL,NULL,NULL,NULL,'2021-10-22',NULL,NULL,NULL,NULL),(1197,NULL,NULL,NULL,NULL,'2021-10-23',NULL,NULL,NULL,NULL),(1198,856,34,50,5,'2021-10-24','י״ח חֶשְׁוָן תשפ״ב','18:20:00',NULL,'עזרא נ ה'),(1199,857,34,50,6,'2021-10-25','י״ט חֶשְׁוָן תשפ״ב','18:19:00',NULL,'עזרא נ ו'),(1200,858,34,50,7,'2021-10-26','כ׳ חֶשְׁוָן תשפ״ב','18:18:00',NULL,'עזרא נ ז'),(1201,859,34,50,8,'2021-10-27','כ״א חֶשְׁוָן תשפ״ב','18:17:00',NULL,'עזרא נ ח'),(1202,860,34,50,9,'2021-10-28','כ״ב חֶשְׁוָן תשפ״ב','18:16:00',NULL,'עזרא נ ט'),(1203,NULL,NULL,NULL,NULL,'2021-10-29',NULL,NULL,NULL,NULL),(1204,NULL,NULL,NULL,NULL,'2021-10-30',NULL,NULL,NULL,NULL),(1205,861,34,50,10,'2021-10-31','כ״ה חֶשְׁוָן תשפ״ב','17:13:00',NULL,'עזרא נ י'),(1206,862,34,50,11,'2021-11-01','כ״ו חֶשְׁוָן תשפ״ב','17:12:00',NULL,'עזרא נ יא'),(1207,863,34,50,12,'2021-11-02','כ״ז חֶשְׁוָן תשפ״ב','17:12:00',NULL,'עזרא נ יב'),(1208,864,34,50,13,'2021-11-03','כ״ח חֶשְׁוָן תשפ״ב','17:11:00',NULL,'עזרא נ יג'),(1209,865,35,1,1,'2021-11-04','כ״ט חֶשְׁוָן תשפ״ב','17:10:00',NULL,'דברי הימים א א'),(1210,NULL,NULL,NULL,NULL,'2021-11-05',NULL,NULL,NULL,NULL),(1211,NULL,NULL,NULL,NULL,'2021-11-06',NULL,NULL,NULL,NULL),(1212,866,35,1,2,'2021-11-07','ג׳ כִּסְלֵו תשפ״ב','17:08:00',NULL,'דברי הימים א ב'),(1213,867,35,1,3,'2021-11-08','ד׳ כִּסְלֵו תשפ״ב','17:07:00',NULL,'דברי הימים א ג'),(1214,868,35,1,4,'2021-11-09','ה׳ כִּסְלֵו תשפ״ב','17:06:00',NULL,'דברי הימים א ד'),(1215,869,35,1,5,'2021-11-10','ו׳ כִּסְלֵו תשפ״ב','17:06:00',NULL,'דברי הימים א ה'),(1216,870,35,1,6,'2021-11-11','ז׳ כִּסְלֵו תשפ״ב','17:05:00',NULL,'דברי הימים א ו'),(1217,NULL,NULL,NULL,NULL,'2021-11-12',NULL,NULL,NULL,NULL),(1218,NULL,NULL,NULL,NULL,'2021-11-13',NULL,NULL,NULL,NULL),(1219,871,35,1,7,'2021-11-14','י׳ כִּסְלֵו תשפ״ב','17:04:00',NULL,'דברי הימים א ז'),(1220,872,35,1,8,'2021-11-15','י״א כִּסְלֵו תשפ״ב','17:03:00',NULL,'דברי הימים א ח'),(1221,873,35,1,9,'2021-11-16','י״ב כִּסְלֵו תשפ״ב','17:03:00',NULL,'דברי הימים א ט'),(1222,874,35,1,10,'2021-11-17','י״ג כִּסְלֵו תשפ״ב','17:02:00',NULL,'דברי הימים א י'),(1223,875,35,1,11,'2021-11-18','י״ד כִּסְלֵו תשפ״ב','17:02:00',NULL,'דברי הימים א יא'),(1224,NULL,NULL,NULL,NULL,'2021-11-19',NULL,NULL,NULL,NULL),(1225,NULL,NULL,NULL,NULL,'2021-11-20',NULL,NULL,NULL,NULL),(1226,876,35,1,12,'2021-11-21','י״ז כִּסְלֵו תשפ״ב','17:01:00',NULL,'דברי הימים א יב'),(1227,877,35,1,13,'2021-11-22','י״ח כִּסְלֵו תשפ״ב','17:00:00',NULL,'דברי הימים א יג'),(1228,878,35,1,14,'2021-11-23','י״ט כִּסְלֵו תשפ״ב','17:00:00',NULL,'דברי הימים א יד'),(1229,879,35,1,15,'2021-11-24','כ׳ כִּסְלֵו תשפ״ב','17:00:00',NULL,'דברי הימים א טו'),(1230,880,35,1,16,'2021-11-25','כ״א כִּסְלֵו תשפ״ב','17:00:00',NULL,'דברי הימים א טז'),(1231,NULL,NULL,NULL,NULL,'2021-11-26',NULL,NULL,NULL,NULL),(1232,NULL,NULL,NULL,NULL,'2021-11-27',NULL,NULL,NULL,NULL),(1233,881,35,1,17,'2021-11-28','כ״ד כִּסְלֵו תשפ״ב','16:59:00',NULL,'דברי הימים א יז'),(1234,882,35,1,18,'2021-11-29','כ״ה כִּסְלֵו תשפ״ב','16:59:00',NULL,'דברי הימים א יח'),(1235,883,35,1,19,'2021-11-30','כ״ו כִּסְלֵו תשפ״ב','16:59:00',NULL,'דברי הימים א יט'),(1236,884,35,1,20,'2021-12-01','כ״ז כִּסְלֵו תשפ״ב','16:59:00',NULL,'דברי הימים א כ'),(1237,885,35,1,21,'2021-12-02','כ״ח כִּסְלֵו תשפ״ב','16:59:00',NULL,'דברי הימים א כא'),(1238,NULL,NULL,NULL,NULL,'2021-12-03',NULL,NULL,NULL,NULL),(1239,NULL,NULL,NULL,NULL,'2021-12-04',NULL,NULL,NULL,NULL),(1240,886,35,1,22,'2021-12-05','א׳ טֵבֵת תשפ״ב','16:59:00',NULL,'דברי הימים א כב'),(1241,887,35,1,23,'2021-12-06','ב׳ טֵבֵת תשפ״ב','16:59:00',NULL,'דברי הימים א כג'),(1242,888,35,1,24,'2021-12-07','ג׳ טֵבֵת תשפ״ב','16:59:00',NULL,'דברי הימים א כד'),(1243,889,35,1,25,'2021-12-08','ד׳ טֵבֵת תשפ״ב','17:00:00',NULL,'דברי הימים א כה'),(1244,890,35,1,26,'2021-12-09','ה׳ טֵבֵת תשפ״ב','17:00:00',NULL,'דברי הימים א כו'),(1245,NULL,NULL,NULL,NULL,'2021-12-10',NULL,NULL,NULL,NULL),(1246,NULL,NULL,NULL,NULL,'2021-12-11',NULL,NULL,NULL,NULL),(1247,891,35,1,27,'2021-12-12','ח׳ טֵבֵת תשפ״ב','17:00:00',NULL,'דברי הימים א כז'),(1248,892,35,1,28,'2021-12-13','ט׳ טֵבֵת תשפ״ב','17:01:00',NULL,'דברי הימים א כח'),(1249,893,35,1,29,'2021-12-14','י׳ טֵבֵת תשפ״ב','17:01:00',NULL,'דברי הימים א כט'),(1250,894,35,2,1,'2021-12-15','י״א טֵבֵת תשפ״ב','17:01:00',NULL,'דברי הימים ב א'),(1251,895,35,2,2,'2021-12-16','י״ב טֵבֵת תשפ״ב','17:02:00',NULL,'דברי הימים ב ב'),(1252,NULL,NULL,NULL,NULL,'2021-12-17',NULL,NULL,NULL,NULL),(1253,NULL,NULL,NULL,NULL,'2021-12-18',NULL,NULL,NULL,NULL),(1254,896,35,2,3,'2021-12-19','ט״ו טֵבֵת תשפ״ב','17:03:00',NULL,'דברי הימים ב ג'),(1255,897,35,2,4,'2021-12-20','ט״ז טֵבֵת תשפ״ב','17:03:00',NULL,'דברי הימים ב ד'),(1256,898,35,2,5,'2021-12-21','י״ז טֵבֵת תשפ״ב','17:04:00',NULL,'דברי הימים ב ה'),(1257,899,35,2,6,'2021-12-22','י״ח טֵבֵת תשפ״ב','17:04:00',NULL,'דברי הימים ב ו'),(1258,900,35,2,7,'2021-12-23','י״ט טֵבֵת תשפ״ב','17:05:00',NULL,'דברי הימים ב ז'),(1259,NULL,NULL,NULL,NULL,'2021-12-24',NULL,NULL,NULL,NULL),(1260,NULL,NULL,NULL,NULL,'2021-12-25',NULL,NULL,NULL,NULL),(1261,901,35,2,8,'2021-12-26','כ״ב טֵבֵת תשפ״ב','17:07:00',NULL,'דברי הימים ב ח'),(1262,902,35,2,9,'2021-12-27','כ״ג טֵבֵת תשפ״ב','17:07:00',NULL,'דברי הימים ב ט'),(1263,903,35,2,10,'2021-12-28','כ״ד טֵבֵת תשפ״ב','17:08:00',NULL,'דברי הימים ב י'),(1264,904,35,2,11,'2021-12-29','כ״ה טֵבֵת תשפ״ב','17:09:00',NULL,'דברי הימים ב יא'),(1265,905,35,2,12,'2021-12-30','כ״ו טֵבֵת תשפ״ב','17:09:00',NULL,'דברי הימים ב יב'),(1266,NULL,NULL,NULL,NULL,'2021-12-31',NULL,NULL,NULL,NULL),(1267,NULL,NULL,NULL,NULL,'2022-01-01',NULL,NULL,NULL,NULL),(1268,906,35,2,13,'2022-01-02','כ״ט טֵבֵת תשפ״ב','17:11:00',NULL,'דברי הימים ב יג'),(1269,907,35,2,14,'2022-01-03','א׳ שְׁבָט תשפ״ב','17:12:00',NULL,'דברי הימים ב יד'),(1270,908,35,2,15,'2022-01-04','ב׳ שְׁבָט תשפ״ב','17:13:00',NULL,'דברי הימים ב טו'),(1271,909,35,2,16,'2022-01-05','ג׳ שְׁבָט תשפ״ב','17:13:00',NULL,'דברי הימים ב טז'),(1272,910,35,2,17,'2022-01-06','ד׳ שְׁבָט תשפ״ב','17:14:00',NULL,'דברי הימים ב יז'),(1273,NULL,NULL,NULL,NULL,'2022-01-07',NULL,NULL,NULL,NULL),(1274,NULL,NULL,NULL,NULL,'2022-01-08',NULL,NULL,NULL,NULL),(1275,911,35,2,18,'2022-01-09','ז׳ שְׁבָט תשפ״ב','17:17:00',NULL,'דברי הימים ב יח'),(1276,912,35,2,19,'2022-01-10','ח׳ שְׁבָט תשפ״ב','17:17:00',NULL,'דברי הימים ב יט'),(1277,913,35,2,20,'2022-01-11','ט׳ שְׁבָט תשפ״ב','17:18:00',NULL,'דברי הימים ב כ'),(1278,914,35,2,21,'2022-01-12','י׳ שְׁבָט תשפ״ב','17:19:00',NULL,'דברי הימים ב כא'),(1279,915,35,2,22,'2022-01-13','י״א שְׁבָט תשפ״ב','17:20:00',NULL,'דברי הימים ב כב'),(1280,NULL,NULL,NULL,NULL,'2022-01-14',NULL,NULL,NULL,NULL),(1281,NULL,NULL,NULL,NULL,'2022-01-15',NULL,NULL,NULL,NULL),(1282,916,35,2,23,'2022-01-16','י״ד שְׁבָט תשפ״ב','17:22:00',NULL,'דברי הימים ב כג'),(1283,917,35,2,24,'2022-01-17','ט״ו שְׁבָט תשפ״ב','17:23:00',NULL,'דברי הימים ב כד'),(1284,918,35,2,25,'2022-01-18','ט״ז שְׁבָט תשפ״ב','17:24:00',NULL,'דברי הימים ב כה'),(1285,919,35,2,26,'2022-01-19','י״ז שְׁבָט תשפ״ב','17:25:00',NULL,'דברי הימים ב כו'),(1286,920,35,2,27,'2022-01-20','י״ח שְׁבָט תשפ״ב','17:26:00',NULL,'דברי הימים ב כז'),(1287,NULL,NULL,NULL,NULL,'2022-01-21',NULL,NULL,NULL,NULL),(1288,NULL,NULL,NULL,NULL,'2022-01-22',NULL,NULL,NULL,NULL),(1289,921,35,2,28,'2022-01-23','כ״א שְׁבָט תשפ״ב','17:29:00',NULL,'דברי הימים ב כח'),(1290,922,35,2,29,'2022-01-24','כ״ב שְׁבָט תשפ״ב','17:29:00',NULL,'דברי הימים ב כט'),(1291,923,35,2,30,'2022-01-25','כ״ג שְׁבָט תשפ״ב','17:30:00',NULL,'דברי הימים ב ל'),(1292,924,35,2,31,'2022-01-26','כ״ד שְׁבָט תשפ״ב','17:31:00',NULL,'דברי הימים ב לא'),(1293,925,35,2,32,'2022-01-27','כ״ה שְׁבָט תשפ״ב','17:32:00',NULL,'דברי הימים ב לב'),(1294,NULL,NULL,NULL,NULL,'2022-01-28',NULL,NULL,NULL,NULL),(1295,NULL,NULL,NULL,NULL,'2022-01-29',NULL,NULL,NULL,NULL),(1296,926,35,2,33,'2022-01-30','כ״ח שְׁבָט תשפ״ב','17:35:00',NULL,'דברי הימים ב לג'),(1297,927,35,2,34,'2022-01-31','כ״ט שְׁבָט תשפ״ב','17:36:00',NULL,'דברי הימים ב לד'),(1298,928,35,2,35,'2022-02-01','ל׳ שְׁבָט תשפ״ב','17:36:00',NULL,'דברי הימים ב לה'),(1299,929,35,2,36,'2022-02-02','א׳ אַדָר א׳ תשפ״ב','17:37:00',NULL,'דברי הימים ב לו');

-- Representative test data for tanah_rabbi (authors)
INSERT INTO tanah_rabbi (NAME, DETAILS, ARTICLE_DETECTION_TYPE_ID) VALUES
('הרב לדוגמא שליט"א', 'תיאור לדוגמא', 1),
('הרב לדוגמא ז"ל', 'תיאור לדוגמא', 1),
('הרב לדוגמא הי"ד', 'תיאור לדוגמא', 1),
('רב עם תיאור ארוך ז"ל', 'תיאור מאוד מאוד מאוד מאוד מאוד מאוד מאוד מאוד מאוד מאוד מאוד מאוד מאוד מאוד מאוד מאוד מאוד ארוך', 1);

-- Representative test data for tanah_article
INSERT INTO tanah_article (PEREK_ID, AUTHOR_ID, ABSTRACT, NAME, PRIORITY) VALUES
(1, 1, '<h1>מאמר של הרב לדוגמא שליט"א על בראשית א</h1>', 'מאמר של הרב לדוגמא על בראשית א', 1),
(1, 2, '<h1>מאמר של הרב לדוגמא ז"ל על בראשית א</h1>', 'מאמר של הרב לדוגמא ז"ל על בראשית א', 1),
(1, 2, '<h1>מאמר שני של הרב לדוגמא ז"ל על בראשית א</h1>', 'מאמר שני של הרב לדוגמא ז"ל על בראשית א', 1);
