USE `tanah_test`;

-- Test data for table tanah_article
INSERT INTO tanah_article (PEREK_ID, AUTHOR_ID, ABSTRACT, NAME, PRIORITY) VALUES
(1, 1, '<h1>מאמר של הרב לדוגמא שליט"א על בראשית א</h1>', 'מאמר של הרב לדוגמא על בראשית א', 1),
(1, 2, '<h1>מאמר של הרב לדוגמא ז"ל על בראשית א</h1>', 'מאמר של הרב לדוגמא ז"ל על בראשית א', 1),
(1, 2, '<h1>מאמר שני של הרב לדוגמא ז"ל על בראשית א</h1>', 'מאמר שני של הרב לדוגמא ז"ל על בראשית א', 1);

-- Test data for table tanah_rabbi
INSERT INTO tanah_rabbi (NAME, DETAILS, ARTICLE_DETECTION_TYPE_ID) VALUES
('הרב לדוגמא שליט"א', 'תיאור לדוגמא', 1),
('הרב לדוגמא ז"ל', 'תיאור לדוגמא', 1),
('הרב לדוגמא הי"ד', 'תיאור לדוגמא', 1),
('רב עם תיאור ארוך ז"ל', 'תיאור מאוד מאוד מאוד מאוד מאוד מאוד מאוד מאוד מאוד מאוד מאוד מאוד מאוד מאוד מאוד מאוד מאוד ארוך', 1);

-- Test data for table tanah_sefer
INSERT INTO tanah_sefer (SEFER_ID, NAME, TANACH_US_NAME) VALUES
(1, 'בראשית', 'Gen'),
(2, 'שמות', 'Ex'),
(3, 'ויקרא', 'Lev'),
(4, 'במדבר', 'Num'),
(5, 'דברים', 'Deut'),
(8, 'שמואל', '{"1":"1 Sam","2":"2 Sam"}'),
(34, 'עזרא', '{"70":"Ezra","50":"Neh"}');

-- Test data for table tanah_perek
INSERT INTO tanah_perek (ID, PEREK_ID, SEFER_ID, ADDITIONAL, PEREK, DATE, HEBDATE, TSEIT, HEADER, SOURCE) VALUES
(1, 1, 1, NULL, 1, '2022-02-06', 'ה באדר א תשפ"ב', '17:41:00', 'בריאת העולם', 'בראשית א'),
(2, 2, 1, NULL, 2, '2022-02-07', 'ו באדר א תשפ"ב', '17:42:00', 'גן עדן, חטא ועונש', 'בראשית ב'),
(3, 3, 1, NULL, 3, '2022-02-08', 'ז באדר א תשפ"ב', '17:42:00', 'קין והבל', 'בראשית ג'),
(4, 4, 1, NULL, 4, '2022-02-09', 'ח באדר א תשפ"ב', '17:43:00', 'תולדות אדם', 'בראשית ד'),
(5, 5, 1, NULL, 5, '2022-02-10', 'ט באדר א תשפ"ב', '17:44:00', 'תולדות נח', 'בראשית ה'),
(51, 51, 2, NULL, 1, '2022-04-04', 'ג בניסן תשפ"ב', '19:04:00', 'שעבוד מצרים', 'שמות א'),
(52, 52, 2, NULL, 2, '2022-04-05', 'ד בניסן תשפ"ב', '19:05:00', 'לידת משה', 'שמות ב'),
(100, 100, 8, 1, 1, '2022-06-05', 'ו בסיון תשפ"ב', '19:45:00', 'שמואל א פרק א', 'שמואל א א'),
(101, 101, 8, 1, 2, '2022-06-06', 'ז בסיון תשפ"ב', '19:46:00', 'שמואל א פרק ב', 'שמואל א ב'),
(131, 131, 8, 2, 1, '2022-07-06', 'ז בתמוז תשפ"ב', '19:49:00', 'שמואל ב פרק א', 'שמואל ב א');
