-- Demo family graph for שמשון (parents, three wives as separate alt unions — לפי הרמב"ם).
-- Runs after tanahpedia_legacy_migration.sql (needs ישות שמשון). Idempotent via fixed UUIDs.

SET @shimshon_pid := (
	SELECT p.id
	FROM tanahpedia_person p
	INNER JOIN tanahpedia_entity e ON e.id = p.entity_id
	WHERE e.name = 'שמשון'
	LIMIT 1
);

-- Tear down prior demo rows (same IDs as below)
DELETE FROM tanahpedia_person_union
WHERE id IN (
	'u1000000-0000-4000-8000-000000000001',
	'u1000000-0000-4000-8000-000000000002',
	'u1000000-0000-4000-8000-000000000003'
);
DELETE FROM tanahpedia_person_parent_child
WHERE id IN (
	'pc100000-0000-4000-8000-000000000001',
	'pc100000-0000-4000-8000-000000000002'
);
DELETE FROM tanahpedia_person_sex
WHERE person_id IN (
	'p1000000-0000-4000-8000-000000000001',
	'p1000000-0000-4000-8000-000000000002',
	'p1000000-0000-4000-8000-000000000003',
	'p1000000-0000-4000-8000-000000000004',
	'p1000000-0000-4000-8000-000000000005'
);
DELETE FROM tanahpedia_person
WHERE id IN (
	'p1000000-0000-4000-8000-000000000001',
	'p1000000-0000-4000-8000-000000000002',
	'p1000000-0000-4000-8000-000000000003',
	'p1000000-0000-4000-8000-000000000004',
	'p1000000-0000-4000-8000-000000000005'
);
DELETE FROM tanahpedia_entity
WHERE id IN (
	'e1000000-0000-4000-8000-000000000001',
	'e1000000-0000-4000-8000-000000000002',
	'e1000000-0000-4000-8000-000000000003',
	'e1000000-0000-4000-8000-000000000004',
	'e1000000-0000-4000-8000-000000000005'
);

INSERT INTO tanahpedia_entity (id, entity_type, name, created_at, updated_at) VALUES
	('e1000000-0000-4000-8000-000000000001', 'PERSON', 'מנוח', NOW(), NOW()),
	('e1000000-0000-4000-8000-000000000002', 'PERSON', 'הצללפוני', NOW(), NOW()),
	('e1000000-0000-4000-8000-000000000003', 'PERSON', 'בת פלשתים מתמנתה', NOW(), NOW()),
	('e1000000-0000-4000-8000-000000000004', 'PERSON', 'אשת שמשון מעזה', NOW(), NOW()),
	('e1000000-0000-4000-8000-000000000005', 'PERSON', 'דלילה', NOW(), NOW());

INSERT INTO tanahpedia_person (id, entity_id) VALUES
	('p1000000-0000-4000-8000-000000000001', 'e1000000-0000-4000-8000-000000000001'),
	('p1000000-0000-4000-8000-000000000002', 'e1000000-0000-4000-8000-000000000002'),
	('p1000000-0000-4000-8000-000000000003', 'e1000000-0000-4000-8000-000000000003'),
	('p1000000-0000-4000-8000-000000000004', 'e1000000-0000-4000-8000-000000000004'),
	('p1000000-0000-4000-8000-000000000005', 'e1000000-0000-4000-8000-000000000005');

INSERT INTO tanahpedia_person_sex (id, person_id, sex) VALUES
	(UUID(), 'p1000000-0000-4000-8000-000000000001', 'MALE'),
	(UUID(), 'p1000000-0000-4000-8000-000000000002', 'FEMALE'),
	(UUID(), 'p1000000-0000-4000-8000-000000000003', 'FEMALE'),
	(UUID(), 'p1000000-0000-4000-8000-000000000004', 'FEMALE'),
	(UUID(), 'p1000000-0000-4000-8000-000000000005', 'FEMALE');

INSERT INTO tanahpedia_person_parent_child (
	id,
	parent_id,
	child_id,
	relationship_type_id,
	parent_role_id,
	alt_group_id,
	source_citation
) VALUES
	(
		'pc100000-0000-4000-8000-000000000001',
		'p1000000-0000-4000-8000-000000000001',
		@shimshon_pid,
		'40000000-0000-0000-0000-000000000001',
		'50000000-0000-0000-0000-000000000001',
		NULL,
		'שופטים יג ב'
	),
	(
		'pc100000-0000-4000-8000-000000000002',
		'p1000000-0000-4000-8000-000000000002',
		@shimshon_pid,
		'40000000-0000-0000-0000-000000000001',
		'50000000-0000-0000-0000-000000000002',
		NULL,
		'בבא בתרא צא ע״א'
	);

INSERT INTO tanahpedia_person_union (
	id,
	person1_id,
	person2_id,
	union_type_id,
	union_order,
	start_date,
	end_date,
	end_reason_id,
	alt_group_id,
	source_citation
) VALUES
	(
		'u1000000-0000-4000-8000-000000000001',
		@shimshon_pid,
		'p1000000-0000-4000-8000-000000000003',
		'20000000-0000-0000-0000-000000000001',
		1,
		NULL,
		NULL,
		NULL,
		'f0000001-0000-4000-8000-000000000001',
		'משנה תורה הלכות איסורי ביאה יג טז'
	),
	(
		'u1000000-0000-4000-8000-000000000002',
		@shimshon_pid,
		'p1000000-0000-4000-8000-000000000004',
		'20000000-0000-0000-0000-000000000001',
		2,
		NULL,
		NULL,
		NULL,
		'f0000001-0000-4000-8000-000000000002',
		'משנה תורה הלכות איסורי ביאה יג טז'
	),
	(
		'u1000000-0000-4000-8000-000000000003',
		@shimshon_pid,
		'p1000000-0000-4000-8000-000000000005',
		'20000000-0000-0000-0000-000000000001',
		3,
		NULL,
		NULL,
		NULL,
		'f0000001-0000-4000-8000-000000000003',
		'משנה תורה הלכות איסורי ביאה יג טז'
	);
