-- Demo family graph for יעקב (Tanahpedia entry + parents, wives, children, brother).
-- Idempotent via fixed UUID prefix e200… / p200… / ea200… (only these rows are deleted here).
--
-- הרצה:
--   • מלא: cargo make mysql-populate-dev (או CI) — אחרי tanahpedia_seed_data.
--   • רק משפחות הדמו: cargo make mysql-apply-tanahpedia-families
--     (דורש מבנה תנכפדיה + זרעי lookup שכבר קיימים; אופציונלי: --ensure-tanahpedia-seed)
--
-- בלהה וזלפה כנשים מלאות — מקור: הכתב והקבלה בראשית לב כג

DELETE FROM tanahpedia_person_union
WHERE id IN (
	'u2000000-0000-4000-8000-000000000001',
	'u2000000-0000-4000-8000-000000000002',
	'u2000000-0000-4000-8000-000000000003',
	'u2000000-0000-4000-8000-000000000004'
);
DELETE FROM tanahpedia_person_parent_child
WHERE id IN (
	'pc200000-0000-4000-8000-000000000001',
	'pc200000-0000-4000-8000-000000000002',
	'pc200000-0000-4000-8000-000000000003',
	'pc200000-0000-4000-8000-000000000004',
	'pc200000-0000-4000-8000-000000000005',
	'pc200000-0000-4000-8000-000000000006',
	'pc200000-0000-4000-8000-000000000007',
	'pc200000-0000-4000-8000-000000000008',
	'pc200000-0000-4000-8000-000000000009',
	'pc200000-0000-4000-8000-000000000010',
	'pc200000-0000-4000-8000-000000000011',
	'pc200000-0000-4000-8000-000000000012',
	'pc200000-0000-4000-8000-000000000013',
	'pc200000-0000-4000-8000-000000000014',
	'pc200000-0000-4000-8000-000000000015',
	'pc200000-0000-4000-8000-000000000016',
	'pc200000-0000-4000-8000-000000000017',
	'pc200000-0000-4000-8000-000000000018',
	'pc200000-0000-4000-8000-000000000019',
	'pc200000-0000-4000-8000-000000000020',
	'pc200000-0000-4000-8000-000000000021',
	'pc200000-0000-4000-8000-000000000022',
	'pc200000-0000-4000-8000-000000000023',
	'pc200000-0000-4000-8000-000000000024',
	'pc200000-0000-4000-8000-000000000025',
	'pc200000-0000-4000-8000-000000000026',
	'pc200000-0000-4000-8000-000000000027',
	'pc200000-0000-4000-8000-000000000028',
	'pc200000-0000-4000-8000-000000000029',
	'pc200000-0000-4000-8000-000000000030'
);
DELETE FROM tanahpedia_person_sex
WHERE person_id IN (
	'p2000000-0000-4000-8000-000000000001',
	'p2000000-0000-4000-8000-000000000002',
	'p2000000-0000-4000-8000-000000000003',
	'p2000000-0000-4000-8000-000000000004',
	'p2000000-0000-4000-8000-000000000005',
	'p2000000-0000-4000-8000-000000000006',
	'p2000000-0000-4000-8000-000000000007',
	'p2000000-0000-4000-8000-000000000008',
	'p2000000-0000-4000-8000-000000000009',
	'p2000000-0000-4000-8000-000000000010',
	'p2000000-0000-4000-8000-000000000011',
	'p2000000-0000-4000-8000-000000000012',
	'p2000000-0000-4000-8000-000000000013',
	'p2000000-0000-4000-8000-000000000014',
	'p2000000-0000-4000-8000-000000000015',
	'p2000000-0000-4000-8000-000000000016',
	'p2000000-0000-4000-8000-000000000017',
	'p2000000-0000-4000-8000-000000000018',
	'p2000000-0000-4000-8000-000000000019',
	'p2000000-0000-4000-8000-000000000020',
	'p2000000-0000-4000-8000-000000000021'
);
DELETE FROM tanahpedia_entry_entity
WHERE id = 'ee200000-0000-4000-8000-000000000001';
DELETE FROM tanahpedia_entry
WHERE id = 'ea200000-0000-4000-8000-000000000001';
DELETE FROM tanahpedia_person
WHERE id IN (
	'p2000000-0000-4000-8000-000000000001',
	'p2000000-0000-4000-8000-000000000002',
	'p2000000-0000-4000-8000-000000000003',
	'p2000000-0000-4000-8000-000000000004',
	'p2000000-0000-4000-8000-000000000005',
	'p2000000-0000-4000-8000-000000000006',
	'p2000000-0000-4000-8000-000000000007',
	'p2000000-0000-4000-8000-000000000008',
	'p2000000-0000-4000-8000-000000000009',
	'p2000000-0000-4000-8000-000000000010',
	'p2000000-0000-4000-8000-000000000011',
	'p2000000-0000-4000-8000-000000000012',
	'p2000000-0000-4000-8000-000000000013',
	'p2000000-0000-4000-8000-000000000014',
	'p2000000-0000-4000-8000-000000000015',
	'p2000000-0000-4000-8000-000000000016',
	'p2000000-0000-4000-8000-000000000017',
	'p2000000-0000-4000-8000-000000000018',
	'p2000000-0000-4000-8000-000000000019',
	'p2000000-0000-4000-8000-000000000020',
	'p2000000-0000-4000-8000-000000000021'
);
DELETE FROM tanahpedia_entity
WHERE id IN (
	'e2000000-0000-4000-8000-000000000001',
	'e2000000-0000-4000-8000-000000000002',
	'e2000000-0000-4000-8000-000000000003',
	'e2000000-0000-4000-8000-000000000004',
	'e2000000-0000-4000-8000-000000000005',
	'e2000000-0000-4000-8000-000000000006',
	'e2000000-0000-4000-8000-000000000007',
	'e2000000-0000-4000-8000-000000000008',
	'e2000000-0000-4000-8000-000000000009',
	'e2000000-0000-4000-8000-000000000010',
	'e2000000-0000-4000-8000-000000000011',
	'e2000000-0000-4000-8000-000000000012',
	'e2000000-0000-4000-8000-000000000013',
	'e2000000-0000-4000-8000-000000000014',
	'e2000000-0000-4000-8000-000000000015',
	'e2000000-0000-4000-8000-000000000016',
	'e2000000-0000-4000-8000-000000000017',
	'e2000000-0000-4000-8000-000000000018',
	'e2000000-0000-4000-8000-000000000019',
	'e2000000-0000-4000-8000-000000000020',
	'e2000000-0000-4000-8000-000000000021'
);

INSERT INTO tanahpedia_entry (id, unique_name, title, content, created_at, updated_at) VALUES
	('ea200000-0000-4000-8000-000000000001', 'יעקב', 'יעקב', '<p></p>', NOW(), NOW());

INSERT INTO tanahpedia_entity (id, entity_type, name, created_at, updated_at) VALUES
	('e2000000-0000-4000-8000-000000000001', 'PERSON', 'יעקב', NOW(), NOW()),
	('e2000000-0000-4000-8000-000000000002', 'PERSON', 'יצחק', NOW(), NOW()),
	('e2000000-0000-4000-8000-000000000003', 'PERSON', 'רבקה', NOW(), NOW()),
	('e2000000-0000-4000-8000-000000000004', 'PERSON', 'עשו', NOW(), NOW()),
	('e2000000-0000-4000-8000-000000000005', 'PERSON', 'לאה', NOW(), NOW()),
	('e2000000-0000-4000-8000-000000000006', 'PERSON', 'רחל', NOW(), NOW()),
	('e2000000-0000-4000-8000-000000000007', 'PERSON', 'בלהה', NOW(), NOW()),
	('e2000000-0000-4000-8000-000000000008', 'PERSON', 'זלפה', NOW(), NOW()),
	('e2000000-0000-4000-8000-000000000009', 'PERSON', 'ראובן', NOW(), NOW()),
	('e2000000-0000-4000-8000-000000000010', 'PERSON', 'שמעון', NOW(), NOW()),
	('e2000000-0000-4000-8000-000000000011', 'PERSON', 'לוי', NOW(), NOW()),
	('e2000000-0000-4000-8000-000000000012', 'PERSON', 'יהודה', NOW(), NOW()),
	('e2000000-0000-4000-8000-000000000013', 'PERSON', 'יששכר', NOW(), NOW()),
	('e2000000-0000-4000-8000-000000000014', 'PERSON', 'זבולון', NOW(), NOW()),
	('e2000000-0000-4000-8000-000000000015', 'PERSON', 'דינה', NOW(), NOW()),
	('e2000000-0000-4000-8000-000000000016', 'PERSON', 'יוסף', NOW(), NOW()),
	('e2000000-0000-4000-8000-000000000017', 'PERSON', 'בנימין', NOW(), NOW()),
	('e2000000-0000-4000-8000-000000000018', 'PERSON', 'דן', NOW(), NOW()),
	('e2000000-0000-4000-8000-000000000019', 'PERSON', 'נפתלי', NOW(), NOW()),
	('e2000000-0000-4000-8000-000000000020', 'PERSON', 'גד', NOW(), NOW()),
	('e2000000-0000-4000-8000-000000000021', 'PERSON', 'אשר', NOW(), NOW());

INSERT INTO tanahpedia_entry_entity (id, entry_id, entity_id) VALUES
	('ee200000-0000-4000-8000-000000000001', 'ea200000-0000-4000-8000-000000000001', 'e2000000-0000-4000-8000-000000000001');

INSERT INTO tanahpedia_person (id, entity_id) VALUES
	('p2000000-0000-4000-8000-000000000001', 'e2000000-0000-4000-8000-000000000001'),
	('p2000000-0000-4000-8000-000000000002', 'e2000000-0000-4000-8000-000000000002'),
	('p2000000-0000-4000-8000-000000000003', 'e2000000-0000-4000-8000-000000000003'),
	('p2000000-0000-4000-8000-000000000004', 'e2000000-0000-4000-8000-000000000004'),
	('p2000000-0000-4000-8000-000000000005', 'e2000000-0000-4000-8000-000000000005'),
	('p2000000-0000-4000-8000-000000000006', 'e2000000-0000-4000-8000-000000000006'),
	('p2000000-0000-4000-8000-000000000007', 'e2000000-0000-4000-8000-000000000007'),
	('p2000000-0000-4000-8000-000000000008', 'e2000000-0000-4000-8000-000000000008'),
	('p2000000-0000-4000-8000-000000000009', 'e2000000-0000-4000-8000-000000000009'),
	('p2000000-0000-4000-8000-000000000010', 'e2000000-0000-4000-8000-000000000010'),
	('p2000000-0000-4000-8000-000000000011', 'e2000000-0000-4000-8000-000000000011'),
	('p2000000-0000-4000-8000-000000000012', 'e2000000-0000-4000-8000-000000000012'),
	('p2000000-0000-4000-8000-000000000013', 'e2000000-0000-4000-8000-000000000013'),
	('p2000000-0000-4000-8000-000000000014', 'e2000000-0000-4000-8000-000000000014'),
	('p2000000-0000-4000-8000-000000000015', 'e2000000-0000-4000-8000-000000000015'),
	('p2000000-0000-4000-8000-000000000016', 'e2000000-0000-4000-8000-000000000016'),
	('p2000000-0000-4000-8000-000000000017', 'e2000000-0000-4000-8000-000000000017'),
	('p2000000-0000-4000-8000-000000000018', 'e2000000-0000-4000-8000-000000000018'),
	('p2000000-0000-4000-8000-000000000019', 'e2000000-0000-4000-8000-000000000019'),
	('p2000000-0000-4000-8000-000000000020', 'e2000000-0000-4000-8000-000000000020'),
	('p2000000-0000-4000-8000-000000000021', 'e2000000-0000-4000-8000-000000000021');

INSERT INTO tanahpedia_person_sex (id, person_id, sex) VALUES
	(UUID(), 'p2000000-0000-4000-8000-000000000001', 'MALE'),
	(UUID(), 'p2000000-0000-4000-8000-000000000002', 'MALE'),
	(UUID(), 'p2000000-0000-4000-8000-000000000003', 'FEMALE'),
	(UUID(), 'p2000000-0000-4000-8000-000000000004', 'MALE'),
	(UUID(), 'p2000000-0000-4000-8000-000000000005', 'FEMALE'),
	(UUID(), 'p2000000-0000-4000-8000-000000000006', 'FEMALE'),
	(UUID(), 'p2000000-0000-4000-8000-000000000007', 'FEMALE'),
	(UUID(), 'p2000000-0000-4000-8000-000000000008', 'FEMALE'),
	(UUID(), 'p2000000-0000-4000-8000-000000000009', 'MALE'),
	(UUID(), 'p2000000-0000-4000-8000-000000000010', 'MALE'),
	(UUID(), 'p2000000-0000-4000-8000-000000000011', 'MALE'),
	(UUID(), 'p2000000-0000-4000-8000-000000000012', 'MALE'),
	(UUID(), 'p2000000-0000-4000-8000-000000000013', 'MALE'),
	(UUID(), 'p2000000-0000-4000-8000-000000000014', 'MALE'),
	(UUID(), 'p2000000-0000-4000-8000-000000000015', 'FEMALE'),
	(UUID(), 'p2000000-0000-4000-8000-000000000016', 'MALE'),
	(UUID(), 'p2000000-0000-4000-8000-000000000017', 'MALE'),
	(UUID(), 'p2000000-0000-4000-8000-000000000018', 'MALE'),
	(UUID(), 'p2000000-0000-4000-8000-000000000019', 'MALE'),
	(UUID(), 'p2000000-0000-4000-8000-000000000020', 'MALE'),
	(UUID(), 'p2000000-0000-4000-8000-000000000021', 'MALE');

INSERT INTO tanahpedia_person_parent_child (
	id,
	parent_id,
	child_id,
	relationship_type_id,
	parent_role_id,
	alt_group_id,
	source_citation
) VALUES
	('pc200000-0000-4000-8000-000000000001', 'p2000000-0000-4000-8000-000000000002', 'p2000000-0000-4000-8000-000000000001', '40000000-0000-0000-0000-000000000001', '50000000-0000-0000-0000-000000000001', NULL, 'בראשית כה'),
	('pc200000-0000-4000-8000-000000000002', 'p2000000-0000-4000-8000-000000000003', 'p2000000-0000-4000-8000-000000000001', '40000000-0000-0000-0000-000000000001', '50000000-0000-0000-0000-000000000002', NULL, 'בראשית כה'),
	('pc200000-0000-4000-8000-000000000003', 'p2000000-0000-4000-8000-000000000002', 'p2000000-0000-4000-8000-000000000004', '40000000-0000-0000-0000-000000000001', '50000000-0000-0000-0000-000000000001', NULL, 'בראשית כה'),
	('pc200000-0000-4000-8000-000000000004', 'p2000000-0000-4000-8000-000000000003', 'p2000000-0000-4000-8000-000000000004', '40000000-0000-0000-0000-000000000001', '50000000-0000-0000-0000-000000000002', NULL, 'בראשית כה'),
	('pc200000-0000-4000-8000-000000000005', 'p2000000-0000-4000-8000-000000000001', 'p2000000-0000-4000-8000-000000000009', '40000000-0000-0000-0000-000000000001', '50000000-0000-0000-0000-000000000001', NULL, 'בראשית כט'),
	('pc200000-0000-4000-8000-000000000006', 'p2000000-0000-4000-8000-000000000005', 'p2000000-0000-4000-8000-000000000009', '40000000-0000-0000-0000-000000000001', '50000000-0000-0000-0000-000000000002', NULL, 'בראשית כט'),
	('pc200000-0000-4000-8000-000000000007', 'p2000000-0000-4000-8000-000000000001', 'p2000000-0000-4000-8000-000000000010', '40000000-0000-0000-0000-000000000001', '50000000-0000-0000-0000-000000000001', NULL, 'בראשית כט'),
	('pc200000-0000-4000-8000-000000000008', 'p2000000-0000-4000-8000-000000000005', 'p2000000-0000-4000-8000-000000000010', '40000000-0000-0000-0000-000000000001', '50000000-0000-0000-0000-000000000002', NULL, 'בראשית כט'),
	('pc200000-0000-4000-8000-000000000009', 'p2000000-0000-4000-8000-000000000001', 'p2000000-0000-4000-8000-000000000011', '40000000-0000-0000-0000-000000000001', '50000000-0000-0000-0000-000000000001', NULL, 'בראשית כט'),
	('pc200000-0000-4000-8000-000000000010', 'p2000000-0000-4000-8000-000000000005', 'p2000000-0000-4000-8000-000000000011', '40000000-0000-0000-0000-000000000001', '50000000-0000-0000-0000-000000000002', NULL, 'בראשית כט'),
	('pc200000-0000-4000-8000-000000000011', 'p2000000-0000-4000-8000-000000000001', 'p2000000-0000-4000-8000-000000000012', '40000000-0000-0000-0000-000000000001', '50000000-0000-0000-0000-000000000001', NULL, 'בראשית כט'),
	('pc200000-0000-4000-8000-000000000012', 'p2000000-0000-4000-8000-000000000005', 'p2000000-0000-4000-8000-000000000012', '40000000-0000-0000-0000-000000000001', '50000000-0000-0000-0000-000000000002', NULL, 'בראשית כט'),
	('pc200000-0000-4000-8000-000000000013', 'p2000000-0000-4000-8000-000000000001', 'p2000000-0000-4000-8000-000000000013', '40000000-0000-0000-0000-000000000001', '50000000-0000-0000-0000-000000000001', NULL, 'בראשית ל'),
	('pc200000-0000-4000-8000-000000000014', 'p2000000-0000-4000-8000-000000000005', 'p2000000-0000-4000-8000-000000000013', '40000000-0000-0000-0000-000000000001', '50000000-0000-0000-0000-000000000002', NULL, 'בראשית ל'),
	('pc200000-0000-4000-8000-000000000015', 'p2000000-0000-4000-8000-000000000001', 'p2000000-0000-4000-8000-000000000014', '40000000-0000-0000-0000-000000000001', '50000000-0000-0000-0000-000000000001', NULL, 'בראשית ל'),
	('pc200000-0000-4000-8000-000000000016', 'p2000000-0000-4000-8000-000000000005', 'p2000000-0000-4000-8000-000000000014', '40000000-0000-0000-0000-000000000001', '50000000-0000-0000-0000-000000000002', NULL, 'בראשית ל'),
	('pc200000-0000-4000-8000-000000000017', 'p2000000-0000-4000-8000-000000000001', 'p2000000-0000-4000-8000-000000000015', '40000000-0000-0000-0000-000000000001', '50000000-0000-0000-0000-000000000001', NULL, 'בראשית ל'),
	('pc200000-0000-4000-8000-000000000018', 'p2000000-0000-4000-8000-000000000005', 'p2000000-0000-4000-8000-000000000015', '40000000-0000-0000-0000-000000000001', '50000000-0000-0000-0000-000000000002', NULL, 'בראשית ל'),
	('pc200000-0000-4000-8000-000000000019', 'p2000000-0000-4000-8000-000000000001', 'p2000000-0000-4000-8000-000000000016', '40000000-0000-0000-0000-000000000001', '50000000-0000-0000-0000-000000000001', NULL, 'בראשית ל'),
	('pc200000-0000-4000-8000-000000000020', 'p2000000-0000-4000-8000-000000000006', 'p2000000-0000-4000-8000-000000000016', '40000000-0000-0000-0000-000000000001', '50000000-0000-0000-0000-000000000002', NULL, 'בראשית ל'),
	('pc200000-0000-4000-8000-000000000021', 'p2000000-0000-4000-8000-000000000001', 'p2000000-0000-4000-8000-000000000017', '40000000-0000-0000-0000-000000000001', '50000000-0000-0000-0000-000000000001', NULL, 'בראשית לה'),
	('pc200000-0000-4000-8000-000000000022', 'p2000000-0000-4000-8000-000000000006', 'p2000000-0000-4000-8000-000000000017', '40000000-0000-0000-0000-000000000001', '50000000-0000-0000-0000-000000000002', NULL, 'בראשית לה'),
	('pc200000-0000-4000-8000-000000000023', 'p2000000-0000-4000-8000-000000000001', 'p2000000-0000-4000-8000-000000000018', '40000000-0000-0000-0000-000000000001', '50000000-0000-0000-0000-000000000001', NULL, 'בראשית ל'),
	('pc200000-0000-4000-8000-000000000024', 'p2000000-0000-4000-8000-000000000007', 'p2000000-0000-4000-8000-000000000018', '40000000-0000-0000-0000-000000000001', '50000000-0000-0000-0000-000000000002', NULL, 'בראשית ל'),
	('pc200000-0000-4000-8000-000000000025', 'p2000000-0000-4000-8000-000000000001', 'p2000000-0000-4000-8000-000000000019', '40000000-0000-0000-0000-000000000001', '50000000-0000-0000-0000-000000000001', NULL, 'בראשית ל'),
	('pc200000-0000-4000-8000-000000000026', 'p2000000-0000-4000-8000-000000000007', 'p2000000-0000-4000-8000-000000000019', '40000000-0000-0000-0000-000000000001', '50000000-0000-0000-0000-000000000002', NULL, 'בראשית ל'),
	('pc200000-0000-4000-8000-000000000027', 'p2000000-0000-4000-8000-000000000001', 'p2000000-0000-4000-8000-000000000020', '40000000-0000-0000-0000-000000000001', '50000000-0000-0000-0000-000000000001', NULL, 'בראשית ל'),
	('pc200000-0000-4000-8000-000000000028', 'p2000000-0000-4000-8000-000000000008', 'p2000000-0000-4000-8000-000000000020', '40000000-0000-0000-0000-000000000001', '50000000-0000-0000-0000-000000000002', NULL, 'בראשית ל'),
	('pc200000-0000-4000-8000-000000000029', 'p2000000-0000-4000-8000-000000000001', 'p2000000-0000-4000-8000-000000000021', '40000000-0000-0000-0000-000000000001', '50000000-0000-0000-0000-000000000001', NULL, 'בראשית ל'),
	('pc200000-0000-4000-8000-000000000030', 'p2000000-0000-4000-8000-000000000008', 'p2000000-0000-4000-8000-000000000021', '40000000-0000-0000-0000-000000000001', '50000000-0000-0000-0000-000000000002', NULL, 'בראשית ל');

INSERT INTO tanahpedia_person_union (
	id,
	person1_id,
	person2_id,
	union_type_id,
	union_order,
	start_date,
	end_date,
	end_reason_id,
	alt_group_id,
	source_citation
) VALUES
	(
		'u2000000-0000-4000-8000-000000000001',
		'p2000000-0000-4000-8000-000000000001',
		'p2000000-0000-4000-8000-000000000005',
		'20000000-0000-0000-0000-000000000001',
		1,
		NULL,
		NULL,
		NULL,
		NULL,
		'בראשית כט'
	),
	(
		'u2000000-0000-4000-8000-000000000002',
		'p2000000-0000-4000-8000-000000000001',
		'p2000000-0000-4000-8000-000000000006',
		'20000000-0000-0000-0000-000000000001',
		2,
		NULL,
		NULL,
		NULL,
		NULL,
		'בראשית כט'
	),
	(
		'u2000000-0000-4000-8000-000000000003',
		'p2000000-0000-4000-8000-000000000001',
		'p2000000-0000-4000-8000-000000000007',
		'20000000-0000-0000-0000-000000000001',
		3,
		NULL,
		NULL,
		NULL,
		NULL,
		'הכתב והקבלה בראשית לב כג'
	),
	(
		'u2000000-0000-4000-8000-000000000004',
		'p2000000-0000-4000-8000-000000000001',
		'p2000000-0000-4000-8000-000000000008',
		'20000000-0000-0000-0000-000000000001',
		4,
		NULL,
		NULL,
		NULL,
		NULL,
		'הכתב והקבלה בראשית לב כג'
	);
