-- DEV DATA — realistic, prod-like articles and authors for tanah-dev.
--
-- This file is used ONLY by mysql-populate-dev (not test).
-- tanah_test_data.sql stays unchanged for e2e tests.
--
-- When sync-from-prod is available, it replaces this entirely with real
-- production data.  This file exists so that offline dev is still useful.
--
-- Tables covered:
--   tanah_author, tanah_article          (articles feature)
--   parshan, perush, note                (perushim / commentaries — minimal
--                                         seed; real data comes from perushim_data.sql)
-- --------------------------------------------------------------------------

-- ═══════════════════════════════════════════════════════════════════════════
-- Authors
-- ═══════════════════════════════════════════════════════════════════════════
INSERT INTO tanah_author (NAME, DETAILS)
VALUES
    ('הרב איתן שנדורפי', 'רב ומחנך, מחבר מאמרים רבים על פרשיות השבוע ועל תנ"ך'),
    ('הרבנית שירה סמואלס', 'מרצה בתנ"ך ומחשבת ישראל, מלמדת בבתי מדרש לנשים'),
    ('הרב דוד כהן', 'ר"מ בישיבה, מומחה לפרשנות המקרא'),
    ('ד"ר מיכל שרון', 'חוקרת תנ"ך באוניברסיטת בר אילן');

-- ═══════════════════════════════════════════════════════════════════════════
-- Articles — spread across Torah, Nevi'im, Ketuvim
-- ═══════════════════════════════════════════════════════════════════════════

-- ── בראשית א (perek 1) ─────────────────────────────────────────────────
INSERT INTO tanah_article (PEREK_ID, AUTHOR_ID, ABSTRACT, NAME, PRIORITY, CONTENT)
VALUES (
    1, 1,
    '<p>מדוע פתחה התורה בבריאת העולם ולא בציוויים? עיון בשאלת רש"י ובתשובות המפרשים.</p>',
    'למה פתחה התורה בבראשית?',
    1,
    '<h2>שאלת רש"י</h2>
<p>רש"י פותח את פירושו הגדול לתורה בשאלה מפורסמת: "אמר רבי יצחק: לא היה צריך להתחיל את התורה אלא מ-החודש הזה לכם, שהיא מצוה ראשונה שנצטוו בה ישראל. ומה טעם פתח בבראשית? משום כח מעשיו הגיד לעמו לתת להם נחלת גוים." כלומר — התורה אינה ספר היסטוריה אלא ספר מצוות, ואם כן למה מספרת על הבריאה?</p>

<h2>תשובת רש"י</h2>
<p>התשובה היא שסיפור הבריאה מלמד שהקב"ה ברא את העולם ונותנו למי שירצה. כשיאמרו אומות העולם "ליסטים אתם שכבשתם ארצות שבעה גויים", ישראל משיבים: כל הארץ של הקב"ה היא, הוא בראה ונתנה לאשר ישר בעיניו.</p>

<h2>שיטת הרמב"ן</h2>
<p>הרמב"ן חולק ומסביר שסיפור הבריאה הוא שורש גדול באמונה — מי שאינו מאמין בבריאה יש מאין ובחידוש העולם, אין לו תורה כלל. הבריאה היא היסוד שעליו בנויים כל שאר עיקרי האמונה: השגחה, נבואה, שכר ועונש.</p>

<h2>שיטת הכוזרי</h2>
<p>ריה"ל בספר הכוזרי מציע גישה שלישית: התורה פותחת בבראשית כדי להציג את ההיסטוריה הרצופה מאדם הראשון עד מתן תורה. שרשרת המסורה שלא נפסקה מוכיחה את אמיתות התורה יותר מכל טיעון פילוסופי.</p>'
);

INSERT INTO tanah_article (PEREK_ID, AUTHOR_ID, ABSTRACT, NAME, PRIORITY, CONTENT)
VALUES (
    1, 2,
    '<p>ניתוח מבני של ששת ימי הבריאה: שלושה ימי הכנה ושלושה ימי מילוי.</p>',
    'מבנה ימי הבריאה — הקבלה בין ימים א-ג לימים ד-ו',
    2,
    '<h2>המבנה המקבילי</h2>
<p>חז"ל ורבים מהמפרשים הבחינו במבנה מקבילי בין שלושת הימים הראשונים לשלושת האחרונים. בימים א-ג נוצרו ה"מסגרות" — אור, שמים ומים, יבשה וצמחייה. בימים ד-ו נוצרו ה"ממלאים" — מאורות, דגים ועופות, חיות ואדם. כל יום בשלישייה השנייה ממלא את המסגרת שנוצרה ביום המקביל בשלישייה הראשונה.</p>

<h2>יום ראשון מול יום רביעי</h2>
<p>ביום הראשון נברא האור, וביום הרביעי נבראו המאורות — השמש, הירח והכוכבים. חז"ל שאלו: אם האור נברא ביום ראשון, למה הוצרכו מאורות ביום רביעי? ותירצו שהאור הראשוני היה אור מיוחד שגנזו הקב"ה לצדיקים לעתיד לבוא, והמאורות הם כלי האור הטבעי.</p>

<h2>משמעות הדבר</h2>
<p>מבנה זה מלמד שהבריאה אינה שרירותית אלא מאורגנת בחוכמה עמוקה. כפי שכותב הרמב"ם: "העולם נברא בחוכמה", וההרמוניה המבנית של מעשה בראשית מעידה על תבונה אלוקית מכוונת.</p>'
);

-- ── בראשית ו (perek 6 — נח) ─────────────────────────────────────────────
INSERT INTO tanah_article (PEREK_ID, AUTHOR_ID, ABSTRACT, NAME, PRIORITY, CONTENT)
VALUES (
    6, 1,
    '<p>מהי משמעות ההתדרדרות המוסרית של דור המבול? מה אפשר ללמוד ממנה?</p>',
    'חמס ושחיתות — מדוע נגזר כליון על דור המבול',
    1,
    '<h2>הפסוק המרכזי</h2>
<p>"ותשחת הארץ לפני האלהים ותמלא הארץ חמס" (בראשית ו, יא). המילה "חמס" היא מילת מפתח להבנת חטא הדור. רש"י מפרש שחמס הוא גזל, ואילו "ותשחת" מתייחס לעריות ועבודה זרה. למרות שעברו על הכל, גזר דינם לא נחתם אלא על הגזל.</p>

<h2>למה דווקא גזל?</h2>
<p>המפרשים מסבירים שגזל מייצג את הריסת המרקם החברתי. עבודה זרה ועריות הם חטאים בין אדם למקום, אך גזל הורס את האמון הבסיסי שעליו בנויה חברה. כאשר אנשים גוזלים זה מזה, אפילו "פחות משווה פרוטה" כדברי חז"ל, החברה מתפוררת.</p>

<h2>לקח לדורות</h2>
<p>סיפור המבול מלמד שקיום חברה תלוי ביושר ובצדק. התורה מקדימה "צדיק תמים" (תיאור נח) ל"חמס" (תיאור הדור) כדי להראות שהאדם יכול לבחור אחרת גם בתוך סביבה מושחתת.</p>'
);

-- ── שמות יד (perek 64 — קריעת ים סוף) ──────────────────────────────────
INSERT INTO tanah_article (PEREK_ID, AUTHOR_ID, ABSTRACT, NAME, PRIORITY, CONTENT)
VALUES (
    64, 3,
    '<p>קריעת ים סוף — הנס הגדול ביותר בתנ"ך. מה ראו ישראל ומה השפעתו?</p>',
    'קריעת ים סוף — אמונה ושירה',
    1,
    '<h2>הרקע לנס</h2>
<p>בני ישראל עמדו בין הים לבין צבא מצרים. מצב של ייאוש מוחלט — "המבלי אין קברים במצרים?" שאלו בני ישראל. ודווקא ברגע הזה, כשאין עוד מוצא אנושי, מתרחש הנס הגדול.</p>

<h2>מה ראו על הים</h2>
<p>חז"ל אומרים "ראתה שפחה על הים מה שלא ראה יחזקאל בן בוזי". כלומר, ההתגלות האלוקית בקריעת הים הייתה עוצמתית יותר מכל נבואה. הים נבקע לשנים עשר שבילים, אחד לכל שבט, והמים נעשו כחומה מימין ומשמאל.</p>

<h2>שירת הים</h2>
<p>"אז ישיר משה ובני ישראל" — השירה הייתה ביטוי ספונטני של אמונה שלמה. חז"ל מספרים שאפילו העוברים במעי אמותיהם אמרו שירה. שירת הים נקבעה בסידור התפילה כחלק קבוע, כדי שנזכור בכל יום את הנס הזה ואת האמונה שהוא מעורר.</p>'
);

-- ── במדבר יג (perek 130 — המרגלים) ──────────────────────────────────────
INSERT INTO tanah_article (PEREK_ID, AUTHOR_ID, ABSTRACT, NAME, PRIORITY, CONTENT)
VALUES (
    130, 1,
    '<p>למה שלח משה מרגלים ומה היה חטאם? עיון בשורשי חטא המרגלים.</p>',
    'חטא המרגלים — בין ריגול לאמונה',
    1,
    '<h2>שלח לך — לדעתך</h2>
<p>"שלח לך אנשים ויתורו את ארץ כנען" — רש"י מביא את דרשת חז"ל: "לדעתך — אני איני מצווך, אם תרצה שלח." כלומר, הקב"ה לא יזם את שליחת המרגלים, אלא העם ביקש וה'' הסכים. השאלה המתבקשת: למה הסכים ה'' אם ידע שייכשלו?</p>

<h2>מי היו המרגלים</h2>
<p>התורה מעידה "כולם אנשים ראשי בני ישראל המה" — היו צדיקים באותה שעה. אם כן, מה קרה? המפרשים מסבירים שהמרגלים פחדו מהשינוי: במדבר הם היו מנהיגים, בארץ ישראל יתמנו מנהיגים חדשים. הפחד מאיבוד המעמד עיוור את שיקול דעתם.</p>

<h2>חטא הדיבה</h2>
<p>חטאם לא היה בתיאור העובדות — אכן ראו ענקים וערים בצורות — אלא בפרשנות. "לא נוכל לעלות" אמרו, "כי חזק הוא ממנו" — ודרשו חז"ל "כביכול, אפילו ממנו", כלומר הטילו ספק ביכולת הקב"ה עצמו. כאשר שוכחים את ההשגחה האלוקית, אפילו מנהיגים גדולים יכולים ליפול.</p>

<h2>כלב ויהושע</h2>
<p>לעומתם עמדו כלב ויהושע שאמרו "עלה נעלה וירשנו אותה כי יכול נוכל לה". מה ההבדל? כלב הלך לחברון להשתטח על קברי אבות — חיבר את עצמו למסורת ולאמונה. יהושע קיבל תוספת י'' לשמו — תפילת משה. שניהם ידעו שהכניסה לארץ תלויה באמונה ולא רק בחישובים אנושיים.</p>'
);

INSERT INTO tanah_article (PEREK_ID, AUTHOR_ID, ABSTRACT, NAME, PRIORITY, CONTENT)
VALUES (
    130, 4,
    '<p>ניתוח ספרותי של תיאור הארץ בפי המרגלים: אותן עובדות, פרשנות שונה.</p>',
    'שני סיפורים על ארץ אחת — המרגלים מול כלב ויהושע',
    2,
    '<h2>אותה ארץ, עיניים שונות</h2>
<p>המרגלים ראו ערים בצורות גדולות — כלב ראה ארץ שה'' נותן. המרגלים ראו אנשי מידות — יהושע ראה שהשגחה אלוקית גדולה מכל גבורה אנושית. התיאורים זהים, הפרשנות הפוכה.</p>

<h2>הפרי הענק</h2>
<p>המרגלים הביאו אשכול ענבים שנישא בשניים. מצד אחד — עדות לפוריות הארץ. אך המרגלים השתמשו בו כראיה שהארץ חריגה ומסוכנת: "ארץ אוכלת יושביה". כל דבר שראו פירשו לרעה. זהו שורש הדיבה — לא שקר, אלא עיוות פרשנות.</p>

<h2>לקח נצחי</h2>
<p>סיפור המרגלים מלמד על כוחה של פרשנות. אותם עובדות בדיוק יכולות להוביל למסקנות הפוכות, תלוי בנקודת המוצא. מי שיוצא מתוך אמונה — רואה הזדמנות. מי שיוצא מתוך פחד — רואה איום.</p>'
);

-- ── דברים ו (perek 187 — שמע ישראל) ──────────────────────────────────
INSERT INTO tanah_article (PEREK_ID, AUTHOR_ID, ABSTRACT, NAME, PRIORITY, CONTENT)
VALUES (
    187, 3,
    '<p>קריאת שמע — הפסוק המרכזי ביהדות. מהו ייחוד ה'' ומה משמעותו?</p>',
    'שמע ישראל — ייחוד ה'' בכל יום',
    1,
    '<h2>שמע ישראל ה'' אלהינו ה'' אחד</h2>
<p>שישה מילים שהן יסוד האמונה היהודית. המילה "שמע" אינה רק שמיעה פיזית אלא קבלה והבנה. רש"י מפרש: "ה'' שהוא אלהינו עתה ולא אלהי האומות, עתיד להיות ה'' אחד" — כלומר, ייחוד ה'' השלם יתגלה לעתיד לבוא.</p>

<h2>למה אומרים שמע פעמיים ביום?</h2>
<p>התורה אומרת "ודברת בם בשבתך בביתך ובלכתך בדרך ובשכבך ובקומך". חז"ל למדו מ"בשכבך ובקומך" שיש לקרוא שמע בערב ובבוקר. אמירת שמע בכל יום היא חידוש קבלת עול מלכות שמים — לא הרגל אוטומטי אלא מעשה מודע של אמונה.</p>

<h2>ואהבת את ה'' אלהיך</h2>
<p>מיד לאחר הכרזת הייחוד באה דרישת האהבה. הרמב"ם מסביר שאהבת ה'' באה דרך התבוננות בבריאה ובחכמתה. ככל שאדם מעמיק בהבנת העולם, כך גדלה אהבתו לבורא. זוהי אהבה שכלית ורגשית כאחד.</p>'
);

-- ── יהושע א (perek 200) ─────────────────────────────────────────────
INSERT INTO tanah_article (PEREK_ID, AUTHOR_ID, ABSTRACT, NAME, PRIORITY, CONTENT)
VALUES (
    200, 2,
    '<p>מנהיגות בצל ענק: כיצד עבר יהושע ממשרת משה למנהיג עצמאי?</p>',
    'יהושע — מנהיגות של המשך וחידוש',
    1,
    '<h2>המעבר</h2>
<p>"ויהי אחרי מות משה עבד ה'' ויאמר ה'' אל יהושע בן נון משרת משה" — יהושע מוגדר כ"משרת משה". גם ברגע שהוא מתמנה למנהיג, הוא נשאר קשור למורו. הקב"ה לא אומר לו "שכח את משה", אלא להיפך — "ככל אשר צויתי את משה עבדי" — המשכיות היא בסיס המנהיגות.</p>

<h2>חזק ואמץ</h2>
<p>שלוש פעמים אומר הקב"ה ליהושע "חזק ואמץ". למה שלוש? חז"ל מסבירים: אחת כנגד המלחמה, אחת כנגד חלוקת הארץ, ואחת כנגד שמירת התורה. מנהיגות אמיתית דורשת אומץ בשלושה מישורים: צבאי, מדיני ורוחני.</p>

<h2>לא ימוש ספר התורה</h2>
<p>"רק חזק ואמץ מאד לשמור לעשות ככל התורה אשר צוך משה עבדי" — ההדגשה על "מאד" דווקא בשמירת התורה מלמדת שהאומץ הגדול ביותר אינו בשדה הקרב אלא בעמידה על עקרונות מוסריים ורוחניים גם כשהלחץ גדול.</p>'
);

-- ── שמואל א טז (perek 259 — משיחת דוד) ──────────────────────────────
INSERT INTO tanah_article (PEREK_ID, AUTHOR_ID, ABSTRACT, NAME, PRIORITY, CONTENT)
VALUES (
    259, 1,
    '<p>בחירת דוד למלך — למה דווקא הצעיר שרועה צאן?</p>',
    'האדם רואה לעיניים וה'' יראה ללבב',
    1,
    '<h2>שמואל בבית לחם</h2>
<p>הקב"ה שולח את שמואל למשוח מלך חדש מבני ישי. שמואל רואה את אליאב הבכור — גבוה, נאה — ואומר "אך נגד ה'' משיחו". אך הקב"ה עונה: "אל תבט אל מראהו ואל גבה קומתו כי מאסתיהו, כי לא אשר יראה האדם כי האדם יראה לעיניים וה'' יראה ללבב."</p>

<h2>למה דוד?</h2>
<p>דוד לא היה בין המועמדים המובנים מאליהם. אביו לא חשב לקרוא לו מהצאן. אך דווקא הרגישות שדוד פיתח ברעיית הצאן — הדאגה לחלשים, האומץ מול הארי והדוב, ההתבוננות בטבע שהולידה את מזמורי תהילים — אלה הם תכונות המנהיגות שהקב"ה מחפש.</p>

<h2>לקח נצחי</h2>
<p>סיפור משיחת דוד מלמד ששיפוט על פי חיצוניות הוא מוגבל. האיש הנכון לא תמיד נראה כמו הבחירה הברורה. מנהיגות אמיתית באה מהלב — מאהבת אמת, מנכונות להקריב, ומחיבור עמוק למשימה.</p>'
);

-- ── ישעיהו ב (perek 296) ──────────────────────────────────────────────
INSERT INTO tanah_article (PEREK_ID, AUTHOR_ID, ABSTRACT, NAME, PRIORITY, CONTENT)
VALUES (
    296, 4,
    '<p>חזון אחרית הימים: "וכתתו חרבותם לאתים" — האם זה אפשרי?</p>',
    'והלכו עמים רבים — חזון השלום של ישעיהו',
    1,
    '<h2>החזון</h2>
<p>"והיה באחרית הימים נכון יהיה הר בית ה'' בראש ההרים ונשא מגבעות ונהרו אליו כל הגוים." ישעיהו מתאר עתיד שבו כל העמים יכירו בה'' וילכו לירושלים ללמוד תורה. לא כיבוש צבאי, אלא משיכה רוחנית.</p>

<h2>שלום עולמי</h2>
<p>"וכתתו חרבותם לאתים וחניתותיהם למזמרות, לא ישא גוי אל גוי חרב ולא ילמדו עוד מלחמה." זהו אחד הפסוקים המפורסמים ביותר בתנ"ך, חקוק על קיר הבניין מול האו"ם בניו יורק. השלום לא יבוא מהסכמים דיפלומטיים אלא משינוי פנימי — כשאנשים ילמדו תורה, הם יבינו שלא צריך מלחמה.</p>

<h2>אקטואליות</h2>
<p>בעולם שבו מלחמות נמשכות, חזון ישעיהו נראה רחוק. אך התנ"ך מלמד שהאמונה בעתיד טוב אינה נאיבית — היא כוח שמניע שינוי. כל פעולה של שלום ויושר מקרבת את החזון הזה.</p>'
);

-- ── תהילים כג (perek 613) ─────────────────────────────────────────────
INSERT INTO tanah_article (PEREK_ID, AUTHOR_ID, ABSTRACT, NAME, PRIORITY, CONTENT)
VALUES (
    613, 2,
    '<p>"ה'' רועי לא אחסר" — המזמור שמלווה אנשים ברגעים הקשים ביותר.</p>',
    'מזמור כ"ג — ה'' רועי',
    1,
    '<h2>רועה ומלך</h2>
<p>דוד המלך, שהיה עצמו רועה צאן, בוחר בדימוי הרועה כדי לתאר את יחסו של הקב"ה לאדם. הרועה מכיר כל כבשה, דואג למרעה ולמים, מגן מפני טורפים. כך הקב"ה דואג לאדם — "בנאות דשא ירביצני, על מי מנוחות ינהלני."</p>

<h2>גיא צלמוות</h2>
<p>"גם כי אלך בגיא צלמות לא אירא רע כי אתה עמדי" — הפסוק לא אומר שלא יהיו רגעים קשים, לא מבטיח שאין גיא צלמוות. הוא אומר שגם ברגע הקשה ביותר, האדם אינו לבד. "כי אתה עמדי" — הידיעה הזו משנה הכל.</p>

<h2>שבתך ואנשים</h2>
<p>"תערוך לפני שלחן נגד צוררי" — גם כשיש אויבים סביב, יש שולחן ערוך. "דשנת בשמן ראשי, כוסי רויה" — השפע אינו רק חומרי אלא גם רוחני. המזמור מסתיים ב"ושבתי בבית ה'' לאורך ימים" — התקווה לקרבת אלוקים נצחית.</p>'
);

-- ── משלי א (perek 651) ──────────────────────────────────────────────
INSERT INTO tanah_article (PEREK_ID, AUTHOR_ID, ABSTRACT, NAME, PRIORITY, CONTENT)
VALUES (
    651, 3,
    '<p>ספר משלי כמדריך חיים מעשי: ראשית חכמה יראת ה''.</p>',
    'ראשית חכמה יראת ה'' — פתיחת ספר משלי',
    1,
    '<h2>מטרת הספר</h2>
<p>"משלי שלמה בן דוד מלך ישראל: לדעת חכמה ומוסר, להבין אמרי בינה, לקחת מוסר השכל צדק ומשפט ומישרים." שלמה מגדיר את ספרו כמדריך מעשי — לא פילוסופיה אבסטרקטית, אלא חכמה יישומית לחיי יום יום.</p>

<h2>יראת ה'' — מה זה?</h2>
<p>"ראשית דעת יראת ה'' חכמה ומוסר אוילים בזו." הרמב"ם מסביר שיראת ה'' אינה פחד פרימיטיבי אלא מודעות עמוקה לנוכחות האלוקית. כשאדם מבין שהוא עומד תמיד לפני הבורא, הוא פועל אחרת — ביושר, בענווה, באחריות.</p>

<h2>אזהרת הנעורים</h2>
<p>"בני אם יפתוך חטאים אל תבוא" — שלמה מזהיר את הצעירים מפני לחץ חברתי שלילי. הפתוי מגיע לרוב מחברה, מאנשים שנראים מצליחים. המשלים מלמדים שהצלחה אמיתית נמדדת בערכים, לא ברכוש.</p>'
);

-- ═══════════════════════════════════════════════════════════════════════════
-- Perushim seed (same minimal set as test data — real data from perushim_data.sql)
-- ═══════════════════════════════════════════════════════════════════════════

INSERT INTO parshan (id, name, birth_year, has_pic)
VALUES
    (1, 'רש"י', 1040, 0),
    (2, 'אבן עזרא', 1089, 0),
    (3, 'תרגום אונקלוס', NULL, 0);

INSERT INTO perush (id, name, parshan_id, comp_date, pub_date, priority)
VALUES
    (1, 'רש"י', 1, NULL, NULL, 100),
    (2, 'אבן עזרא', 2, NULL, NULL, 200),
    (3, 'תרגום אונקלוס', 3, NULL, NULL, 10);

INSERT INTO note (perush_id, perek_id, pasuk, note_idx, note_content)
VALUES
    (1, 1, 1, 0, 'בראשית - אמר רבי יצחק לא היה צריך להתחיל את התורה אלא מהחודש הזה לכם'),
    (1, 1, 1, 1, 'ברא אלהים - ולא אמר ברא ה׳, שבתחילה עלה במחשבה לבראותו במידת הדין'),
    (1, 1, 2, 0, 'והארץ היתה תהו ובהו - תהו, אדם תוהה ומשתומם על בהו שבה'),
    (2, 1, 1, 0, 'בראשית - יש אומרים כי המילה בראשית היא סמיכות, בראש-ית, בראשית ברוא'),
    (2, 1, 2, 0, 'תהו ובהו - תהו הוא דבר שאין בו ממש, ובהו דבר שיש בו ממש'),
    (3, 1, 1, 0, 'בקדמין ברא ה׳ ית שמיא וית ארעא'),
    (3, 1, 2, 0, 'וארעא הות צדיא וריקניא');
