-- Database selection handled by the executing tool (db-populator, Lambda, etc.)
--
-- This file MUST be self-contained: every table referenced by the website's
-- e2e tests must have representative rows here.  When you add a new DB table
-- that the website queries, add test data here too — otherwise e2e tests will
-- silently get empty results and fail with confusing "element not found" errors.
--
-- Tables covered:
--   tanah_author, tanah_article          (articles feature)
--   parshan, perush, note                (perushim / commentaries feature)
-- --------------------------------------------------------------------------

-- Representative test data for tanah_author
INSERT INTO tanah_author (NAME, DETAILS)
VALUES ('הרב לדוגמא שליט"א', 'תיאור לדוגמא'),
    ('הרב לדוגמא ז"ל', 'תיאור לדוגמא'),
    ('הרב לדוגמא הי"ד', 'תיאור לדוגמא'),
    (
        'רב עם תיאור ארוך ז"ל',
        'תיאור מאוד מאוד מאוד מאוד מאוד מאוד מאוד מאוד מאוד מאוד מאוד מאוד מאוד מאוד מאוד מאוד מאוד ארוך'
    );
-- Representative test data for tanah_article
INSERT INTO tanah_article (
        PEREK_ID,
        AUTHOR_ID,
        ABSTRACT,
        NAME,
        PRIORITY,
        CONTENT
    )
VALUES (
        1,
        1,
        '<h1>בראשית ברא - עיון בפסוק הראשון</h1>',
        'בראשית ברא - עיון בפסוק הראשון',
        1,
        '<h2>פתיחה</h2>
<p>הפסוק הראשון בתורה הוא אחד הפסוקים המפורסמים והנחקרים ביותר בכל ספרות העולם. "בראשית ברא אלהים את השמים ואת הארץ" - שבע מילים בלבד שמכילות בתוכן את כל יסודות האמונה והבריאה.</p>

<h2>פירוש המילה "בראשית"</h2>
<p>רש"י פותח את פירושו הגדול לתורה בשאלה מפורסמת: "אמר רבי יצחק: לא היה צריך להתחיל את התורה אלא מ''החדש הזה לכם'', שהיא מצוה ראשונה שנצטוו בה ישראל. ומה טעם פתח בבראשית? משום ''כח מעשיו הגיד לעמו לתת להם נחלת גוים''." פירוש זה מלמדנו שיש משמעות עמוקה לסדר הדברים בתורה, ושכל מילה ומילה נכתבה בכוונה ובחכמה אלוקית.</p>

<h2>המילה "ברא"</h2>
<p>המילה "ברא" מופיעה בתנ"ך רק ביחס לקב"ה, ומשמעותה יצירה יש מאין, שונה מ"עשה" או "יצר" שמשמעם עיבוד חומר קיים. הרמב"ן מסביר שזו הבריאה הראשונה של החומר הראשוני ממנו נוצר הכל.</p>

<h2>שם אלהים</h2>
<p>חז"ל מסבירים שהשימוש בשם "אלהים" בפסוק הראשון מרמז על מידת הדין. הקב"ה רצה לברוא את העולם במידת הדין בלבד, אך ראה שאין העולם מתקיים, ושיתף עמו מידת הרחמים. לכן בפרק ב מופיע השם המשולב "ה'' אלהים".</p>

<h2>"את השמים ואת הארץ"</h2>
<p>המילה "את" באה לרבות, כדברי חז"ל: "את השמים" - לרבות חמה ולבנה וכוכבים ומזלות. "ואת הארץ" - לרבות אילנות ודשאים וגן עדן. יש כאן רמז לכל הנברא בששת ימי הבריאה.</p>

<h2>סיכום</h2>
<p>הפסוק הראשון בתורה מלמד אותנו יסודות עיקריים באמונה: א) יש בורא לעולם. ב) הבריאה היא יש מאין. ג) הקב"ה ברא הכל - שמים וארץ וכל צבאם. ד) לבריאה יש התחלה בזמן. הבנת פסוק זה היא הבסיס להבנת כל התורה כולה, ולכן התורה פותחת דווקא בו.</p>'
    ),
    (
        1,
        2,
        '<h1>מאמר של הרב לדוגמא ז"ל על בראשית א</h1>',
        'מאמר של הרב לדוגמא ז"ל על בראשית א',
        1,
        '<h2>פתיחה</h2>
<p>הפסוק הראשון בתורה הוא אחד הפסוקים המפורסמים והנחקרים ביותר בכל ספרות העולם. "בראשית ברא אלהים את השמים ואת הארץ" - שבע מילים בלבד שמכילות בתוכן את כל יסודות האמונה והבריאה.</p>

<h2>פירוש המילה "בראשית"</h2>
<p>רש"י פותח את פירושו הגדול לתורה בשאלה מפורסמת: "אמר רבי יצחק: לא היה צריך להתחיל את התורה אלא מ''החדש הזה לכם'', שהיא מצוה ראשונה שנצטוו בה ישראל. ומה טעם פתח בבראשית? משום ''כח מעשיו הגיד לעמו לתת להם נחלת גוים''." פירוש זה מלמדנו שיש משמעות עמוקה לסדר הדברים בתורה, ושכל מילה ומילה נכתבה בכוונה ובחכמה אלוקית.</p>

<h2>המילה "ברא"</h2>
<p>המילה "ברא" מופיעה בתנ"ך רק ביחס לקב"ה, ומשמעותה יצירה יש מאין, שונה מ"עשה" או "יצר" שמשמעם עיבוד חומר קיים. הרמב"ן מסביר שזו הבריאה הראשונה של החומר הראשוני ממנו נוצר הכל.</p>

<h2>שם אלהים</h2>
<p>חז"ל מסבירים שהשימוש בשם "אלהים" בפסוק הראשון מרמז על מידת הדין. הקב"ה רצה לברוא את העולם במידת הדין בלבד, אך ראה שאין העולם מתקיים, ושיתף עמו מידת הרחמים. לכן בפרק ב מופיע השם המשולב "ה'' אלהים".</p>

<h2>"את השמים ואת הארץ"</h2>
<p>המילה "את" באה לרבות, כדברי חז"ל: "את השמים" - לרבות חמה ולבנה וכוכבים ומזלות. "ואת הארץ" - לרבות אילנות ודשאים וגן עדן. יש כאן רמז לכל הנברא בששת ימי הבריאה.</p>

<h2>סיכום</h2>
<p>הפסוק הראשון בתורה מלמד אותנו יסודות עיקריים באמונה: א) יש בורא לעולם. ב) הבריאה היא יש מאין. ג) הקב"ה ברא הכל - שמים וארץ וכל צבאם. ד) לבריאה יש התחלה בזמן. הבנת פסוק זה היא הבסיס להבנת כל התורה כולה, ולכן התורה פותחת דווקא בו.</p>'
    ),
    (
        1,
        2,
        '<h1>מאמר שני של הרב לדוגמא ז"ל על בראשית א</h1>',
        'מאמר שני של הרב לדוגמא ז"ל על בראשית א',
        1,
        NULL
    ),
    (
        1,
        4,
        '<h1>מאמר עם תמונה - בראשית א</h1>',
        'מאמר עם תמונה - בראשית א',
        1,
        '<h2>פרק עם תמונה</h2>
<p>זהו מאמר לדוגמא עם תמונה מ-S3:</p>
<img src="https://bible-on-site-assets-test.s3.amazonaws.com/rabbis/test-rabbi.jpg" alt="תמונת רב לדוגמא" />
<p>התמונה לעיל היא לצורכי בדיקה בלבד.</p>'
    );

-- ---------------------------------------------------------------------------
-- Representative test data for perushim (commentaries)
-- parshan = commentator, perush = commentary work, note = text per pasuk
-- ---------------------------------------------------------------------------

-- Commentators
INSERT INTO parshan (id, name, birth_year, has_pic)
VALUES
    (1, 'רש"י', 1040, 0),
    (2, 'אבן עזרא', 1089, 0),
    (3, 'תרגום אונקלוס', NULL, 0);

-- Commentary works  (priority: 0-99 = Targum, 100 = Rashi, 200+ = others)
INSERT INTO perush (id, name, parshan_id, comp_date, pub_date, priority)
VALUES
    (1, 'רש"י', 1, NULL, NULL, 100),
    (2, 'אבן עזרא', 2, NULL, NULL, 200),
    (3, 'תרגום אונקלוס', 3, NULL, NULL, 10);

-- Sample notes for perek 1 (בראשית א) — enough to exercise carousel + full view
INSERT INTO note (perush_id, perek_id, pasuk, note_idx, note_content)
VALUES
    (1, 1, 1, 0, 'בראשית - אמר רבי יצחק לא היה צריך להתחיל את התורה אלא מהחודש הזה לכם'),
    (1, 1, 1, 1, 'ברא אלהים - ולא אמר ברא ה׳, שבתחילה עלה במחשבה לבראותו במידת הדין'),
    (1, 1, 2, 0, 'והארץ היתה תהו ובהו - תהו, אדם תוהה ומשתומם על בהו שבה'),
    (2, 1, 1, 0, 'בראשית - יש אומרים כי המילה בראשית היא סמיכות, בראש-ית, בראשית ברוא'),
    (2, 1, 2, 0, 'תהו ובהו - תהו הוא דבר שאין בו ממש, ובהו דבר שיש בו ממש'),
    (3, 1, 1, 0, 'בקדמין ברא ה׳ ית שמיא וית ארעא'),
    (3, 1, 2, 0, 'וארעא הות צדיא וריקניא');